name,sourceJsonPath,description,longDescription,categories,relatedBlocks,includeInWebDocumentation,part_1_name,part_1_description,part_1_type,part_2_name,part_2_description,part_2_type,part_3_name,part_3_description,part_3_type,part_4_name,part_4_description,part_4_type,part_5_name,part_5_description,part_5_type,part_6_name,part_6_description,part_6_type,part_7_name,part_7_description,part_7_type,part_8_name,part_8_description,part_8_type,part_9_name,part_9_description,part_9_type,part_10_name,part_10_description,part_10_type,part_11_name,part_11_description,part_11_type,part_12_name,part_12_description,part_12_type,part_13_name,part_13_description,part_13_type,part_14_name,part_14_description,part_14_type,part_15_name,part_15_description,part_15_type,part_16_name,part_16_description,part_16_type,part_17_name,part_17_description,part_17_type,part_18_name,part_18_description,part_18_type,part_19_name,part_19_description,part_19_type,part_20_name,part_20_description,part_20_type,part_21_name,part_21_description,part_21_type,part_22_name,part_22_description,part_22_type,part_23_name,part_23_description,part_23_type,part_24_name,part_24_description,part_24_type,part_25_name,part_25_description,part_25_type
360video,../NewPatch/Assets/Blocks\360video\360video.json,,,"[""Visuals/Media""]",[],False,,,,,,,,,,,,,,,,,,,,,,,,,,,,,,,,,,,,,,,,,,,,,,,,,,,,,,,,,,,,,,,,,,,,,,,,,,,
360_image,../NewPatch/Assets/Blocks\360_image\360_image.json,Will load an image on the background. Using Equirectangular projection.,,"[""Visuals/Media""]",[],False,grab,,,,,,,,,,,,,,,,,,,,,,,,,,,,,,,,,,,,,,,,,,,,,,,,,,,,,,,,,,,,,,,,,,,,,,,,,,
3d_grid,../NewPatch/Assets/Blocks\3d_grid\3d_grid.json,Snap block position and rotation in space. (turn on/off via World Inspector),,[],[],False,Grid Gizmo,Grab + Joystick to scale.,,,,,,,,,,,,,,,,,,,,,,,,,,,,,,,,,,,,,,,,,,,,,,,,,,,,,,,,,,,,,,,,,,,,,,,,,
ableton_link,../NewPatch/Assets/Blocks\ableton_link\ableton_link.json,,,"[""Experimental""]",[],True,Sphere,,,knob,,,btn_dbug,,,e_OUT,,,,,,,,,,,,,,,,,,,,,,,,,,,,,,,,,,,,,,,,,,,,,,,,,,,,,,,,,,,,,,,,,
abs,../NewPatch/Assets/Blocks\abs\abs.json,Calculates and outputs absolute value of an incoming signal. Any negative number will become positive. Examples: -8 will output 8. -12.3 will output a 12.3,,"[""Audio/Converters""]","[""round""]",True,Number,Outputs absolute (non-negative) value of given number,stream input,,,,,,,,,,,,,,,,,,,,,,,,,,,,,,,,,,,,,,,,,,,,,,,,,,,,,,,,,,,,,,,,,,,,,,,,
add,../NewPatch/Assets/Blocks\add\add.json,"Adds two numbers together and outputs the result using a simple A + B math operation, can be used to sum two signals together. Example: Connect an oscilator to each input, set each to different frequency, connect the output to a speaker block to hear both together.",,"[""Audio/Operators""]","[""subtract"", ""multiply"", ""divide"", ""add_jolt""]",True,A,"The first value, added to B.",stream input,B,"The second value, added to A.",stream input,,,,,,,,,,,,,,,,,,,,,,,,,,,,,,,,,,,,,,,,,,,,,,,,,,,,,,,,,,,,,,,,,,,,,
add_jolt,../NewPatch/Assets/Blocks\add_jolt\add_jolt.json,Adds number from stream input to the jolt input and outputs the sum as jolt.,,"[""Logic/Operators""]","[""subtract_jolt"", ""multiply_jolt"", ""divide_jolt"", ""add""]",True,Add,Sets the value that will be added to the incoming value from the jolt input (without triggering the output).,stream input,Result,Emits sum of jolt and stream values on each received jolt.,jolt output,Calculate,"Receives value to which the value set in the stream input will be added, triggers the calculation.",jolt input,,,,,,,,,,,,,,,,,,,,,,,,,,,,,,,,,,,,,,,,,,,,,,,,,,,,,,,,,,,,,,,,,,
allpass2,../NewPatch/Assets/Blocks\allpass2\allpass2.json,Second order allpass filter for implementing phasors and such.,,"[""Audio/Filters""]","[""lowpass"", ""highpass"", ""onepole"", ""ladder"", ""statevariable""]",True,Signal input,The input signal.,stream input,Frequency,The 'break' frequency of the filter.,stream input,Radius,The radius/steepness of the filter.,stream input,,,,,,,,,,,,,,,,,,,,,,,,,,,,,,,,,,,,,,,,,,,,,,,,,,,,,,,,,,,,,,,,,,
anchor,../NewPatch/Assets/Blocks\anchor\anchor.json,Your key to teleportation! Simply trigger this block to instantly transport yourself to its location and rotation. Send a positive number to gradually transport yourself over time (in seconds),,"[""Player""]",[],True,Direction,"After teleporting, the mask of the player will be facing in this direction (notice long tube)",pointer,Teleport,send 0 to teleport instantly or positive numbers (in seconds),jolt input,,,,,,,,,,,,,,,,,,,,,,,,,,,,,,,,,,,,,,,,,,,,,,,,,,,,,,,,,,,,,,,,,,,,,
ar_window,../NewPatch/Assets/Blocks\ar_window\ar_window.json,Resizable plane which displays passthrough.,,"[""Props""]",[],False,plane,,,MuX_ImgCorner_Msh,,,,,,,,,,,,,,,,,,,,,,,,,,,,,,,,,,,,,,,,,,,,,,,,,,,,,,,,,,,,,,,,,,,,,,,
avatar_attach,../NewPatch/Assets/Blocks\avatar_attach\avatar_attach.json,,,[],[],False,avatar_attach,,,Octopus,,,,,,,,,,,,,,,,,,,,,,,,,,,,,,,,,,,,,,,,,,,,,,,,,,,,,,,,,,,,,,,,,,,,,,,
avatar_attach_head,../NewPatch/Assets/Blocks\avatar_attach_head\avatar_attach_head.json,,,[],[],False,avatar_attach_head,,,,,,,,,,,,,,,,,,,,,,,,,,,,,,,,,,,,,,,,,,,,,,,,,,,,,,,,,,,,,,,,,,,,,,,,,,
back_button,../NewPatch/Assets/Blocks\back_button\back_button.json,Pressing the button will emit a number value of 1 out of the output.,,"[""Interfaces/Tap""]","[""help_button"", ""next_button"", ""play_button"", ""reset_button"", ""skip_button""]",True,Button,Triggers output to emit 1.,interactive,Output,Emits the value 1 when button is pressed.,jolt output,Trigger,Triggers output to emit 1.,jolt input,State,"Sets the visual state of the button, 0 - button is dark, >0 - button is lit, <0 - button looks inactive.",jolt input,,,,,,,,,,,,,,,,,,,,,,,,,,,,,,,,,,,,,,,,,,,,,,,,,,,,,,,,,,,,,,,
ball,../NewPatch/Assets/Blocks\ball\ball.json,,,"[""Deprecated""]",[],True,ball,,,,,,,,,,,,,,,,,,,,,,,,,,,,,,,,,,,,,,,,,,,,,,,,,,,,,,,,,,,,,,,,,,,,,,,,,,
bandpass,../NewPatch/Assets/Blocks\bandpass\bandpass.json,Limit the incoming signal to a narrow frequency band.,,"[""Audio/Filters""]",[],True,input,The input signal to filter,stream input,Frequency,The center frequency of the filter.,stream input,Bandwidth,How steep the sides of the bandpass should be.,stream input,Output,The filtered output signal,stream output,,,,,,,,,,,,,,,,,,,,,,,,,,,,,,,,,,,,,,,,,,,,,,,,,,,,,,,,,,,,,,,
bar,../NewPatch/Assets/Blocks\bar\bar.json,,,"[""Experimental""]",[],True,s_IN_0,,,s_IN_1,,,s_IN_2,,,s_IN_3,,,,,,,,,,,,,,,,,,,,,,,,,,,,,,,,,,,,,,,,,,,,,,,,,,,,,,,,,,,,,,,,,
beat_time,../NewPatch/Assets/Blocks\beat_time\beat_time.json,The progress of your beat. You can control tempo / stop / restart with timecontrol block.,,"[""Logic/Timing""]",[],True,Sphere,,,e_OUT,,,,,,,,,,,,,,,,,,,,,,,,,,,,,,,,,,,,,,,,,,,,,,,,,,,,,,,,,,,,,,,,,,,,,,,
bell_filter,../NewPatch/Assets/Blocks\bell_filter\bell_filter.json,Boosts or cuts a specific frequency band,Boosts or cuts a specific frequency band,"[""Audio/Filters""]",[],True,input,The input signal to filter,stream input,Frequency,The frequency to boost or cut,stream input,Gain,How much to boost or cut the selected frequency.,stream input,Bandwidth,How much frequencies around the center will be boosted or cut.,stream input,Output,The filtered output signal,stream output,,,,,,,,,,,,,,,,,,,,,,,,,,,,,,,,,,,,,,,,,,,,,,,,,,,,,,,,,,,,
bernoulli,../NewPatch/Assets/Blocks\bernoulli\bernoulli.json,"Routes an incoming jolt to either of two outputs based on probability. With probability value set closer to 0 the jolt will more like go though output A, while if value will be set closer to 1 - though output B.",,"[""Logic/Conditional""]","[""random"", ""sequence_random""]",True,Probability,Probability distribution value.,stream input,Output A,Emits jolt value based on set probability.,jolt output,Output B,Emits jolt value based on set probability.,jolt output,Input,Receives jolt value which will be passed to either of the outputs.,jolt input,,,,,,,,,,,,,,,,,,,,,,,,,,,,,,,,,,,,,,,,,,,,,,,,,,,,,,,,,,,,,,,
bg_nebula,../NewPatch/Assets/Blocks\bg_nebula\bg_nebula.json,"Background for the environment 

write in the console:

spawn bg_nebula",,[],[],True,VR Grab Handle,,,,,,,,,,,,,,,,,,,,,,,,,,,,,,,,,,,,,,,,,,,,,,,,,,,,,,,,,,,,,,,,,,,,,,,,,,
bg_violin,../NewPatch/Assets/Blocks\bg_violin\bg_violin.json,,,[],[],False,,,,,,,,,,,,,,,,,,,,,,,,,,,,,,,,,,,,,,,,,,,,,,,,,,,,,,,,,,,,,,,,,,,,,,,,,,,
bigcave,../NewPatch/Assets/Blocks\bigcave\bigcave.json,,,[],[],False,,,,,,,,,,,,,,,,,,,,,,,,,,,,,,,,,,,,,,,,,,,,,,,,,,,,,,,,,,,,,,,,,,,,,,,,,,,
blobscreen,../NewPatch/Assets/Blocks\blobscreen\blobscreen.json,,,"[""Interfaces/Special""]",[],False,resize,Grab to change the size of the touch screen,interactive,blobs,Grab and drag to change the number of blobs..,interactive,num_columns,Change the number of columns shown on the display.,knob,num_rows,Change the number of columns shown on the display.,knob,fuzz,Sets the amount of fuzz on the blobs.,,position_x,Sets the X position of the blob.,jolt input,position_y,Sets the y position of the blob.,jolt input,position_z,Sets the z position of the blob.,jolt input,enabled,"Send a 1 to enable the blob, 0 to disable..",jolt input,pulse,Send a jolt to make the blob bounce.,jolt input,pulse,Send a jolt to make the blob bounce.,jolt input,amp,Sets the intensity of the blob.,jolt input,character,Sets the character of the blob.,jolt input,blob,No sure what this one does.,jolt input,loop,"Send 1 to enable looping, 0 to disable.",jolt input,loop_select,Send jolts with different values to create and recall multiple loops.,jolt input,loop_length,Sets the length of the current loop in beats.,jolt input,position_x,Emits the x position of the blob.,jolt output,position_y,Emits the y position of the blob.,jolt output,position_z,Emits the z position of the blob.,jolt output,touch,Emits a jolt when you touch the blob.,jolt output,trigger,Emits how far down the pistol trigger is pressed while grabbing the blob.,jolt output,cross,Emits a jolt whenever a blob crosses between to columns.,jolt output,enabled,Emits 1 when the blobs is enabled and 0 when disabled.,jolt output,loop progress,Emits a value between 0 and 1 indicating how far along this blob is in its loop.,jolt output
block_distance,../NewPatch/Assets/Blocks\block_distance\block_distance.json,,,"[""Motion/Positioning""]",[],True,InteractiveSelector,,,distance output,,,,,,,,,,,,,,,,,,,,,,,,,,,,,,,,,,,,,,,,,,,,,,,,,,,,,,,,,,,,,,,,,,,,,,,
block_follow,../NewPatch/Assets/Blocks\block_follow\block_follow.json,Attach blocks or the player to a moving block.,,"[""Motion/Positioning""]",[],False,Followers,Block which will follow the target.,,Target,Moving target for the blocks to follow.,,Grab,,,Factor,"How much should it follow the target (0: not at all, 1: 100%)",,,,,,,,,,,,,,,,,,,,,,,,,,,,,,,,,,,,,,,,,,,,,,,,,,,,,,,,,,,,,,,,
block_foreach,../NewPatch/Assets/Blocks\block_foreach\block_foreach.json,"Foreach block set in the input, it will output the block and its index.","Can be use with blocks like set position, set color, to customize blocks given their index.","[""System""]",[],False,Block count,Output count of blocks when foreach is triggered.,,Input blocks,,,Output block,,,Trigger,,,Block id in the input,,,,,,,,,,,,,,,,,,,,,,,,,,,,,,,,,,,,,,,,,,,,,,,,,,,,,,,,,,,,,,
block_get_look,../NewPatch/Assets/Blocks\block_get_look\block_get_look.json,"Output angle between front/right or up direction of the origin, and the target position.",,"[""Motion/Positioning""]",[],True,origins,,,targets,,,Angle Z,Is the front of the origin facing the target ?,,Angle Y.,Is the right side of the origin facing the target ?,,Angle X,Is the up direction of the origin facing the target ?,,,,,,,,,,,,,,,,,,,,,,,,,,,,,,,,,,,,,,,,,,,,,,,,,,,,,,,,,,,,,
block_list,../NewPatch/Assets/Blocks\block_list\block_list.json,"UI which list of all the block, and let you remove/inspect/teleport to them.",,"[""System""]",[],False,,,,,,,,,,,,,,,,,,,,,,,,,,,,,,,,,,,,,,,,,,,,,,,,,,,,,,,,,,,,,,,,,,,,,,,,,,,
block_lookat,../NewPatch/Assets/Blocks\block_lookat\block_lookat.json,,,"[""Motion/Positioning""]",[],True,InteractiveSelector,,,speed,,,,,,,,,,,,,,,,,,,,,,,,,,,,,,,,,,,,,,,,,,,,,,,,,,,,,,,,,,,,,,,,,,,,,,,
block_relative_position,../NewPatch/Assets/Blocks\block_relative_position\block_relative_position.json,"Get X,Y,Z position of the connected block (""target"" input). Can also get position relative to another block (""Origin"" optional input).",,"[""Motion/Positioning""]",[],True,X,Left/right,,Y,Down/up,,Z,Back/front,,Origin (Optional),Output position will be relative to this block if connected.,,Target,Block to Get Position.,,,,,,,,,,,,,,,,,,,,,,,,,,,,,,,,,,,,,,,,,,,,,,,,,,,,,,,,,,,,,
block_set_color,../NewPatch/Assets/Blocks\block_set_color\block_set_color.json,Can change the color of the connected block. Inputs values are expected to be between 0 and 1 range.,,"[""Visuals/Design""]",[],False,InteractiveSelector,,,Hue,,,Saturation,,,Brightness,,,,,,,,,,,,,,,,,,,,,,,,,,,,,,,,,,,,,,,,,,,,,,,,,,,,,,,,,,,,,,,,,
block_set_position,../NewPatch/Assets/Blocks\block_set_position\block_set_position.json,"Change position of the ""target"" block. You can give an optional ""origin"" block, it will then position the target block relative to this one.",,"[""Motion/Positioning""]",[],True,Origin (optional),Target position will be set relative to this block.,,Target,Block to Set Position.,,X,Move Left/Right.,,Y,Move Up/Down.,,Z,Move Back/Forward.,,,,,,,,,,,,,,,,,,,,,,,,,,,,,,,,,,,,,,,,,,,,,,,,,,,,,,,,,,,,,
block_set_scale,../NewPatch/Assets/Blocks\block_set_scale\block_set_scale.json,,,"[""Visuals/Design""]",[],False,InteractiveSelector,,,Scale X,,,Scale Y,,,Scale Z,,,,,,,,,,,,,,,,,,,,,,,,,,,,,,,,,,,,,,,,,,,,,,,,,,,,,,,,,,,,,,,,,
block_spawn,../NewPatch/Assets/Blocks\block_spawn\block_spawn.json,"You can give it a block or device as reference, and spawn copies of this same block.","You can give a life time to spawned blocks.
This block also output all spawned blocks.","[""System""]",[],False,Template to spawn,,,All copies,,,Spawn,Input value must give the number of instances to spawn.,,Clear all,Clear all copies.,,Life time of copies,"Life time of copies (need to be set prior to spawn), lifetime of -1 is permanent.",,Spawn position,,,,,,,,,,,,,,,,,,,,,,,,,,,,,,,,,,,,,,,,,,,,,,,,,,,,,,,,,,,
block_watcher,../NewPatch/Assets/Blocks\block_watcher\block_watcher.json,Attaches to other blocks and emits jolts when stuff happens.,,"[""Interfaces/Special""]",[],True,Selector,Pull out sticks to attach blocks to be watched. ,selector,Hover,Emits a jolt when you start or stop hovering your controller over an attached block.,jolt output,Grab,Emits a jolt when you grab or release an attached block.,jolt output,Hit,Emits the velocity of the controller when you hit and attached block (if it's hittable).,jolt output,Marble,Emits the velocity of the marble when an attached block gets hit by a marble (if it supports marble hits).,jolt output,,,,,,,,,,,,,,,,,,,,,,,,,,,,,,,,,,,,,,,,,,,,,,,,,,,,,,,,,,,,
blooper,../NewPatch/Assets/Blocks\blooper\blooper.json,,,"[""Deprecated""]",[],False,Button,,,InteractiveDrag,,,emit_vel,,,emit_size,,,RecPlay Selector,,,Hit_Elevation,,,Hit_Azimuth,,,emit_BaseBlackPartDistance,,,emit_Pressure,,,emit_Hover,,,emit_CrossFade,,,emit_SmallDotPartsDistance,,,esReciver,,,Eject Bubble,,,,,,,,,,,,,,,,,,,,,,,,,,,,,,,,,,,
blooper2,../NewPatch/Assets/Blocks\blooper2\blooper2.json,,,"[""Interfaces/Special""]",[],False,InteractiveDrag,,,emit_Hover,,,emit_CrossFade,,,emit_playbackSpeed,,,emit_timeToNormalSpeed,,,emit_timeOffsetForTargetPlayback,,,emit_onOff,,,RecPlay Selector,,,playbackSpeed,,,acceleration,,,emit_bubbleDuration,,,size,,,,,,,,,,,,,,,,,,,,,,,,,,,,,,,,,,,,,,,,,
blooper3,../NewPatch/Assets/Blocks\blooper3\blooper3.json,,,"[""Interfaces/Special""]",[],False,Break the beat,"Touch toward the center to shorten the loop, around to navigate in it.",,s_OUT,,,LoopLengthEventReceiver,,,Bubble placed,Emits a jolt with value 1 when a bubble is placed and value 0 when removed.,jolt output,Is playing,Emits a jolt with value 1 when the blooper starts playing and value 0 when it stops.,jolt output,Beat repeat,Emits a jolt whener a beat repeat happens. The value of the jolt is the duration of the beat repeat.,jolt output,,,,,,,,,,,,,,,,,,,,,,,,,,,,,,,,,,,,,,,,,,,,,,,,,,,,,,,,,
booper,../NewPatch/Assets/Blocks\booper\booper.json,,,"[""Experimental""]",[],False,Button,,,InteractiveDrag,,,esReciver,,,Eject Bubble,,,emit_vel,,,emit_size,,,RecPlay Selector,,,Hit_Elevation,,,Hit_Azimuth,,,emit_BaseBlackPartDistance,,,emit_Pressure,,,emit_Hover,,,emit_CrossFade,,,emit_SmallDotPartsDistance,,,Bubble placed,Emits a jolt with value 1 when a bubble is placed and value 0 when removed.,jolt output,,,,,,,,,,,,,,,,,,,,,,,,,,,,,,
bow,../NewPatch/Assets/Blocks\bow\bow.json,Intended to be used with e_string block.,,"[""Interfaces/Special""]",[],False,Grab,,,,,,,,,,,,,,,,,,,,,,,,,,,,,,,,,,,,,,,,,,,,,,,,,,,,,,,,,,,,,,,,,,,,,,,,,,
box,../NewPatch/Assets/Blocks\box\box.json,,,"[""Deprecated""]",[],True,bottom_intr,,,px_intr,,,nx_intr,,,pz_intr,,,,,,,,,,,,,,,,,,,,,,,,,,,,,,,,,,,,,,,,,,,,,,,,,,,,,,,,,,,,,,,,,
bubble,../NewPatch/Assets/Blocks\bubble\bubble.json,Bubble can be used to play an audio sample.,,"[""Audio/Generators""]","[""bubble_player"", ""bubble_recorder""]",False,Bubble,Grab with two hands and pull to open.,interactive,Bubble,Hit to start playback. Touch to stop.,interactive,Play,Send a jolt to start playback.,jolt input,Set begin time,Set the point where playback should start (in seconds).,jolt input,Set end time,Set the point where playback should stop (in seconds).,jolt input,Begin time,"Emits the sample start position (in seconds) when start time changes, and on playback start.",jolt output,End time,"Emits the end point (in seconds) when end time changes, and on playback start.",jolt output,Playback done,Emits a jolt when playback stops. Connect to the 'Play' input to enable looping.,jolt output,Playback cursor,Playback cursor. Grab to scrub through the sample.,interactive,Begin time,Begin time indicator. Grab to move.,interactive,End time,End time indicator. Grab to move.,interactive,Transpose,Transposes the sample up or down by the set number of semitones.,stream input,Gain,Controls how loud the sample is.,stream input,Stop,Send a jolt to stop playback.,jolt input,,,,,,,,,,,,,,,,,,,,,,,,,,,,,,,,,
bubble_player,../NewPatch/Assets/Blocks\bubble_player\bubble_player.json,Interface for connecting an audio sample bubble with the rest of your patch.,,"[""Audio/Generators""]","[""bubble"", ""bubble_recorder""]",False,Receptacle,Place a bubble here to connect it to the player.,interactive,Play,Send a jolt to start playback.,jolt input,Stop,Send a jolt to stop playback.,jolt input,Set begin time,Set the point where playback should start (in seconds).,jolt input,Set end time,Set the point where playback should stop (in seconds).,jolt input,Begin time,"Emits the sample start position (in seconds) when start time changes, and on playback start.",jolt output,End time,"Emits the end point (in seconds) when end time changes, and on playback start.",jolt output,Playback done,Emits a jolt when the playback reaches the end point. Connect to the 'Play' input to enable looping.,jolt output,MIDI Note or Playback Speed,"You can switch mode, from MIDI Note to Playback Speed, using the inspector.
- MIDI Note: input is midi semitones. Midi note 60 (C4) = original speed.
- Playback Speed: input will be the speed of the sample. 1x = original speed.",stream input,Gain,Controls how loud the output audio is.,stream input,Cursor,Directly controls the playback position of the audio (in seconds). Used in advanced patching by those who want complete control over the audio playback.,stream input,Playback cursor,Shows what part of the audio is currently being played. Drag to scrub through the audio.,interactive,Begin time,Begin time indicator. Grab to move.,interactive,End time,End time indicator. Grab to move.,interactive,Bubble placed,Emits a jolt with value 1 when a bubble is placed and value 0 when a bubble is removed.,jolt output,,,,,,,,,,,,,,,,,,,,,,,,,,,,,,
bubble_popper,../NewPatch/Assets/Blocks\bubble_popper\bubble_popper.json,An underwater creature you can use to pop bubbles to remove them. Grab and move bubbles close to the spikes to make them pop.,,"[""Interfaces/Special""]",[],True,,,,,,,,,,,,,,,,,,,,,,,,,,,,,,,,,,,,,,,,,,,,,,,,,,,,,,,,,,,,,,,,,,,,,,,,,,,
bubble_recorder,../NewPatch/Assets/Blocks\bubble_recorder\bubble_recorder.json,Tool for recording new audio into a sample bubble.,,"[""Audio/Generators""]","[""bubble"", ""bubble_player""]",False,Receptacle,Place a bubble here to connect it to the player.,interactive,Record,Send a jolt to start recording (from the begin point).,jolt input,Stop,Send a jolt to stop recording.,,Set begin time,Sets the point to start recording from (in seconds).,jolt input,Set end time,Sets the point that will trigger 'Recording end' to fire (in seconds). Recording will always continue until a jolt is received through 'Stop'. To stop at this point make a connection from 'Recording end' to 'Stop'.,jolt input,Recording end,Emits a jolt when the recording passes the end point.,jolt output,Audio input,Input for the audio to record.,stream input,Record cursor,Shows what part of the sample is being recorded to.,interactive,Begin time,Shows where recording will begin. Grab to move.,interactive,End time,Shows where a jolt will be emitted through 'Recording end'. Grab to move.,interactive,Bubble placed,Emits a jolt with value 1 when a bubble is placed and value 0 when a bubble is removed.,jolt output,,,,,,,,,,,,,,,,,,,,,,,,,,,,,,,,,,,,,,,,,,
button,../NewPatch/Assets/Blocks\button\button.json,"Pressing the button will emit a number out of the output, number can be set by the stream input.",Buttons are one of the basic blocks used to trigger stuff in your world. You can e.g. wire a the output of a button to the 'play' input of a sample to trigger playback of that sample.,"[""Interfaces/Tap""]","[""value"", ""slider"", ""knob""]",True,Value,Sets the number value that the ouput will emit.,stream input,Button,Triggers the output to emit the set number value.,interactive,Output,Emits the number value.,jolt output,Trigger,Triggers the output to emit the set number value.,jolt input,,,,,,,,,,,,,,,,,,,,,,,,,,,,,,,,,,,,,,,,,,,,,,,,,,,,,,,,,,,,,,,
cactus_small,../NewPatch/Assets/Blocks\cactus_small\cactus_small.json,,,"[""Plants""]",[],False,,,,,,,,,,,,,,,,,,,,,,,,,,,,,,,,,,,,,,,,,,,,,,,,,,,,,,,,,,,,,,,,,,,,,,,,,,,
cactus_tall,../NewPatch/Assets/Blocks\cactus_tall\cactus_tall.json,,,"[""Plants""]",[],False,,,,,,,,,,,,,,,,,,,,,,,,,,,,,,,,,,,,,,,,,,,,,,,,,,,,,,,,,,,,,,,,,,,,,,,,,,,
camera,../NewPatch/Assets/Blocks\camera\camera.json,"Records the gameplay as a video file. Active cameras appear as the gameview. You can record or set cameras active either through the 2D desktop GUI or by pressing the buttons physically on the component in VR. Press the record/stop icon for recording, press the camera icon to set cameras active. Press the folder icon to open the saving destination, it is set to ÃƒÂ¯Ã‚Â¿Ã‚Â½C:\Users\XXX\Documents\PatchÃƒÂ¯Ã‚Â¿Ã‚Â½",,"[""Experimental""]",[],True,*," connect a button and press it to set cameras active",,camera,,,,,,,,,,,,,,,,,,,,,,,,,,,,,,,,,,,,,,,,,,,,,,,,,,,,,,,,,,,,,,,,,,,,,,,
cameramanager,../NewPatch/Assets/Blocks\cameramanager\cameramanager.json, Gives you a preview screen and manages cameras,,"[""Experimental""]",[],True,*,* ,,cameramanager,,,,,,,,,,,,,,,,,,,,,,,,,,,,,,,,,,,,,,,,,,,,,,,,,,,,,,,,,,,,,,,,,,,,,,,
cave1,../NewPatch/Assets/Blocks\cave1\cave1.json,,,"[""Terrains""]",[],False,,,,,,,,,,,,,,,,,,,,,,,,,,,,,,,,,,,,,,,,,,,,,,,,,,,,,,,,,,,,,,,,,,,,,,,,,,,
cave2,../NewPatch/Assets/Blocks\cave2\cave2.json,,,"[""Terrains""]",[],False,,,,,,,,,,,,,,,,,,,,,,,,,,,,,,,,,,,,,,,,,,,,,,,,,,,,,,,,,,,,,,,,,,,,,,,,,,,
cavepart1,../NewPatch/Assets/Blocks\cavepart1\cavepart1.json,,,[],[],False,,,,,,,,,,,,,,,,,,,,,,,,,,,,,,,,,,,,,,,,,,,,,,,,,,,,,,,,,,,,,,,,,,,,,,,,,,,
cavepart2,../NewPatch/Assets/Blocks\cavepart2\cavepart2.json,,,[],[],False,,,,,,,,,,,,,,,,,,,,,,,,,,,,,,,,,,,,,,,,,,,,,,,,,,,,,,,,,,,,,,,,,,,,,,,,,,,
cavepart3,../NewPatch/Assets/Blocks\cavepart3\cavepart3.json,,,[],[],False,,,,,,,,,,,,,,,,,,,,,,,,,,,,,,,,,,,,,,,,,,,,,,,,,,,,,,,,,,,,,,,,,,,,,,,,,,,
cavepart4,../NewPatch/Assets/Blocks\cavepart4\cavepart4.json,,,[],[],False,,,,,,,,,,,,,,,,,,,,,,,,,,,,,,,,,,,,,,,,,,,,,,,,,,,,,,,,,,,,,,,,,,,,,,,,,,,
center_of_mass,../NewPatch/Assets/Blocks\center_of_mass\center_of_mass.json,Set the physical center of mass of a group. (to be used in combination with Make Physical),,"[""Motion/Physics""]",[],False,,,,,,,,,,,,,,,,,,,,,,,,,,,,,,,,,,,,,,,,,,,,,,,,,,,,,,,,,,,,,,,,,,,,,,,,,,,
chain,../NewPatch/Assets/Blocks\chain\chain.json,"Deprecated, instead use pass or pass_in / pass_out",,"[""Deprecated""]",[],True,emitter,,,eR_main,,,,,,,,,,,,,,,,,,,,,,,,,,,,,,,,,,,,,,,,,,,,,,,,,,,,,,,,,,,,,,,,,,,,,,,
clamp,../NewPatch/Assets/Blocks\clamp\clamp.json,"Clamps a value inside a specified range - meaning, input is truncated within the range from set minimum to set maximum.",,"[""Audio/Converters""]","[""map"", ""rtou"", ""utor""]",True,Input,Value to be clamped within the range.,stream input,Range minimum,Minimum of the clamp range,stream input,Range maximum,Maximum of the clamp range.,stream input,,,,,,,,,,,,,,,,,,,,,,,,,,,,,,,,,,,,,,,,,,,,,,,,,,,,,,,,,,,,,,,,,,
clock,../NewPatch/Assets/Blocks\clock\clock.json,The clock allows you to set an increase to your given value every second.,,"[""Logic/Timing""]",[],True,s_IN," (INa)",,eR_seState, set clock state,,eR_setState,,,Sphere,,,,,,,,,,,,,,,,,,,,,,,,,,,,,,,,,,,,,,,,,,,,,,,,,,,,,,,,,,,,,,,,,
cmd,../NewPatch/Assets/Blocks\cmd\cmd.json,,,[],[],True,esReciver,,,Button,,,,,,,,,,,,,,,,,,,,,,,,,,,,,,,,,,,,,,,,,,,,,,,,,,,,,,,,,,,,,,,,,,,,,,,
collider,../NewPatch/Assets/Blocks\collider\collider.json,"Used to build devices that interact with physics-enabled blocks, e.g. mallets and beaters.",,"[""Interfaces/Tap""]",[],False,Collision,Sends out the velocity whenever a collision happens.,jolt output,,,,,,,,,,,,,,,,,,,,,,,,,,,,,,,,,,,,,,,,,,,,,,,,,,,,,,,,,,,,,,,,,,,,,,,,
coloroven,../NewPatch/Assets/Blocks\coloroven\coloroven.json,,,"[""Deprecated""]",[],True,red,,,green,,,blue,,,body,,,,,,,,,,,,,,,,,,,,,,,,,,,,,,,,,,,,,,,,,,,,,,,,,,,,,,,,,,,,,,,,,
color_brush,../NewPatch/Assets/Blocks\color_brush\color_brush.json,Let you easily change color of blocks.,,"[""Visuals/Design""]",[],False,Color,,,,,,,,,,,,,,,,,,,,,,,,,,,,,,,,,,,,,,,,,,,,,,,,,,,,,,,,,,,,,,,,,,,,,,,,,,
compare,../NewPatch/Assets/Blocks\compare\compare.json,"Compares a jolt value with a stream value and outputs result of the comparison in the form of a boolean value (false - 0, true - 1).",,"[""Logic/Conditional""]","[""if_else""]",True,Output,"Emits boolean result (false - 0, true - 1) of jolt and stream values comparison on each received jolt.",jolt output,Compare with,Sets the value that will be compared with the incoming value from the jolt input (without triggering the output).,stream input,Input,"Receives value which will be compared with value set in the stream input, triggers the comparison.",jolt input,Comparison operation,Sets the type of the comparison operation.,interactive,SetTypeREciever,,,,,,,,,,,,,,,,,,,,,,,,,,,,,,,,,,,,,,,,,,,,,,,,,,,,,,,,,,,,,,
constant,../NewPatch/Assets/Blocks\constant\constant.json,"Outputs various useful math constants:
pi: the trigonometric constant
sr: sample rate
sp: sample period
e: Euler's constant
bpm: tempo in bpm
bp: beat period (sec. pr. beat).",,"[""Logic/Operators""]",[],True,Output,Emits the value of the selected constant whenever it changes or a jolt is received.,jolt output,Constant,Selects which constant to output.,knob,Trigger,Triggers the output to emit the selected constant.,jolt input,,,,,,,,,,,,,,,,,,,,,,,,,,,,,,,,,,,,,,,,,,,,,,,,,,,,,,,,,,,,,,,,,,
contain_text,../NewPatch/Assets/Blocks\contain_text\contain_text.json,Checks if the given text blocks contain a specific word or pattern in their content and outputs the occurrence count of the search.,,[],[],False,Search pattern,The pattern to search in the given text.,,Source Text,The source text to search in.,,Manual Trigger,You can connect a jolt here so it doesn't automatically trigger itself when source blocks change.,,Occurence Result,Output 0 to N number depending on the occurences found.,,,,,,,,,,,,,,,,,,,,,,,,,,,,,,,,,,,,,,,,,,,,,,,,,,,,,,,,,,,,,,,,
controllerposition,../NewPatch/Assets/Blocks\controllerposition\controllerposition.json,Outputs position of each controller in relation to the block's position,Useful block for creating interactions that responds to user proximity,"[""Interfaces/Move""]","[""controloutput"", ""controllerrotation"", ""moveanalysis"", ""hapticcontrol""]",True,X position,Emits distance of the controller along the X axis in relation to the block's position,jolt output,Y position,Emits distance of the controller along the Y axis in relation to the block's position,jolt output,Z position,Emits distance of the controller along the Z axis in relation to the block's position,jolt output,,,,,,,,,,,,,,,,,,,,,,,,,,,,,,,,,,,,,,,,,,,,,,,,,,,,,,,,,,,,,,,,,,
controllerrotation,../NewPatch/Assets/Blocks\controllerrotation\controllerrotation.json,Outputs rotation angles of each controller,,"[""Interfaces/Move""]","[""controloutput"", ""controllerposition"", ""moveanalysis"", ""hapticcontrol""]",True,X rotation,Emits value of the rotation around the X Axis in degrees (0-359 range),jolt output,Y rotation,Emits value of the rotation around the Y Axis in degrees (0-359 range),jolt output,Z rotation,Emits value of the rotation around the Z Axis in degrees (0-359 range),jolt output,,,,,,,,,,,,,,,,,,,,,,,,,,,,,,,,,,,,,,,,,,,,,,,,,,,,,,,,,,,,,,,,,,
controloutput,../NewPatch/Assets/Blocks\controloutput\controloutput.json,Outputs various data from the controllers (grip/trigger/buttons/joystick...),,"[""Interfaces/Move""]","[""controllerrotation"", ""controllerposition"", ""moveanalysis"", ""hapticcontrol""]",True,Trigger Right,Emits values between 0-1 when right controller's trigger is squeezed,jolt output,Grip Right,Emits values between 0-1 when right controller's grip is squeezed,jolt output,Button A Right,Emits 1 when A button on the right controller is pressed,jolt output,Button B Right,Emits 1 when B button on the right controller is pressed,jolt output,Head Distance,Emits distance between the head and the controller,jolt output,Trigger Left,Emits values between 0-1 when left controller's trigger is squeezed,jolt output,Grip Left,Emits values between 0-1 when left controller's grip is squeezed,jolt output,Button A Left,Emits 1 when A button on the left controller is pressed,jolt output,Button B Left,Emits 1 when B button on the left controller is pressed,jolt output,Distance Between Controllers,Emits distance between the controllers,jolt output,,,,,,,,,,,,,,,,,,,,,,,,,,,,,,,,,,,,,,,,,,,,,
coral_01,../NewPatch/Assets/Blocks\coral_01\coral_01.json,,,"[""Props""]",[],False,,,,,,,,,,,,,,,,,,,,,,,,,,,,,,,,,,,,,,,,,,,,,,,,,,,,,,,,,,,,,,,,,,,,,,,,,,,
coral_02,../NewPatch/Assets/Blocks\coral_02\coral_02.json,,,"[""Props""]",[],False,,,,,,,,,,,,,,,,,,,,,,,,,,,,,,,,,,,,,,,,,,,,,,,,,,,,,,,,,,,,,,,,,,,,,,,,,,,
cos,../NewPatch/Assets/Blocks\cos\cos.json,Calculates cosine value of A,,"[""Audio/Converters""]","[""sin""]",True,s_IN_0," a",,A,Value for which the cosine will be calculated.,stream input,,,,,,,,,,,,,,,,,,,,,,,,,,,,,,,,,,,,,,,,,,,,,,,,,,,,,,,,,,,,,,,,,,,,,
counter,../NewPatch/Assets/Blocks\counter\counter.json,Counts the sum of incoming jolts values.,,"[""Logic/Sequencing""]","[""cyclecounter"", ""nth""]",True,Set,Sets current count value and triggers the output.,jolt input,Output,Emits the current count value as a jolt.,jolt output,Increment,Counter increment value. Each received jolt value is added to the count and triggers the output.,jolt input,Knob,Sets the value.,interactive,Button,Triggers the value set by the knob.,interactive,,,,,,,,,,,,,,,,,,,,,,,,,,,,,,,,,,,,,,,,,,,,,,,,,,,,,,,,,,,,
crystals,../NewPatch/Assets/Blocks\crystals\crystals.json,,,"[""Props""]",[],False,,,,,,,,,,,,,,,,,,,,,,,,,,,,,,,,,,,,,,,,,,,,,,,,,,,,,,,,,,,,,,,,,,,,,,,,,,,
custom_knob,../NewPatch/Assets/Blocks\custom_knob\custom_knob.json,,,"[""Interfaces/Tweak""]",[],False,Knob,Use trigger to interact.,,Input,Change knob value.,,Output,,,,,,,,,,,,,,,,,,,,,,,,,,,,,,,,,,,,,,,,,,,,,,,,,,,,,,,,,,,,,,,,,,,,
custom_knob2,../NewPatch/Assets/Blocks\custom_knob2\custom_knob2.json,,,"[""Interfaces/Tweak""]",[],False,Knob,Use trigger to interact.,,Input,Change knob value.,,Output,,,,,,,,,,,,,,,,,,,,,,,,,,,,,,,,,,,,,,,,,,,,,,,,,,,,,,,,,,,,,,,,,,,,
custom_slider,../NewPatch/Assets/Blocks\custom_slider\custom_slider.json,A slider that be used to control various things via jolts.,Sends out a jolt with a value between 0 and 1 that indicates the position of the slider thumb. The jolt input can be used to set the slider's value from elsewhere.,"[""Interfaces/Tweak""]",[],True,Thumb,Press trigger button and move to change the slider's value.,interactive,Output,Sends out the slider's value whenever it changes.,jolt output,Input,Sets the value of the slider.,jolt input,,,,,,,,,,,,,,,,,,,,,,,,,,,,,,,,,,,,,,,,,,,,,,,,,,,,,,,,,,,,,,,,,,
custom_toggle,../NewPatch/Assets/Blocks\custom_toggle\custom_toggle.json,Toggle button with a loading circle around it.,,"[""Interfaces/Tap""]",[],False,state,,,set state,,,progress,,,,,,,,,,,,,,,,,,,,,,,,,,,,,,,,,,,,,,,,,,,,,,,,,,,,,,,,,,,,,,,,,,,,
cyclecounter,../NewPatch/Assets/Blocks\cyclecounter\cyclecounter.json,Counts the number of received jolts in a looping manner.,,"[""Logic/Sequencing""]","[""counter""]",True,cyclecounter,,,Cycle size,Sets the value at which the counter will reset and start counting from zero again.,stream input,Output,Emits the current count value as a jolt.,jolt output,Increment,Counter increment trigger. Each received jolt triggers the count to increase by one.,jolt input,Set,Sets current count value and triggers the output.,jolt input,,,,,,,,,,,,,,,,,,,,,,,,,,,,,,,,,,,,,,,,,,,,,,,,,,,,,,,,,,,,
data_array,../NewPatch/Assets/Blocks\data_array\data_array.json,"Store and retrieve values from an array using indices to build presets, sequencers, etc..",The data_array block can be used to store values to be recalled later. Sending an index,"[""Logic/Sequencing""]",[],True,Read index,Send a jolt to read the value at a given index.,jolt input,Write index,Send a jolt to select which index will be written to next time a value is received.,jolt input,value,Send a jolt to write a value to the index selected via the 'Write index' input,jolt input,value,Emit the stored value when a jolt is received through the 'Read index' jolt input.,jolt output,,,,,,,,,,,,,,,,,,,,,,,,,,,,,,,,,,,,,,,,,,,,,,,,,,,,,,,,,,,,,,,
decay,../NewPatch/Assets/Blocks\decay\decay.json,A decay envelope - decays the input value to target value over a duration of time.,,"[""Audio/Generators""]","[""envelope_ad""]",True,Target value,Sets the target value the output will decay towards.,interactive,Half time,Sets how long it will take for the output to go halfway towards the target value (in seconds).,stream input,ButonPivot," push",,Knob_Pivot, value,,Knob,Sets value from which the decay will begin.,interactive,Button,Triggers the decay envelope.,interactive,Set state,Sets the value from which the decay will begin and triggers the decay envelope.,jolt input,,,,,,,,,,,,,,,,,,,,,,,,,,,,,,,,,,,,,,,,,,,,,,,,,,,,,,
delay,../NewPatch/Assets/Blocks\delay\delay.json,Creates an audio-rate delay line with streams.,,"[""Audio/Effects""]",[],True,input,Stream input,stream input,delay,Delay time in seconds,,,,,,,,,,,,,,,,,,,,,,,,,,,,,,,,,,,,,,,,,,,,,,,,,,,,,,,,,,,,,,,,,,,,,,
delay_jolt,../NewPatch/Assets/Blocks\delay_jolt\delay_jolt.json,Delay a jolt by some amount of time.,,"[""Logic/Timing""]",[],True,input,The jolt to delay.,jolt input,speed_of_time,A multiplier for the delay constant.,stream input,delay_time,How much to delay the jolt.,stream input,output,"Sends out the same jolt as received through 'input', but delayed by the time set via the 'delay_time' stream input.",jolt output,,,,,,,,,,,,,,,,,,,,,,,,,,,,,,,,,,,,,,,,,,,,,,,,,,,,,,,,,,,,,,,
desert_terrain,../NewPatch/Assets/Blocks\desert_terrain\desert_terrain.json,,,"[""Terrains""]",[],False,,,,,,,,,,,,,,,,,,,,,,,,,,,,,,,,,,,,,,,,,,,,,,,,,,,,,,,,,,,,,,,,,,,,,,,,,,,
device_box,../NewPatch/Assets/Blocks\device_box\device_box.json,A resizable and stylizable box to make interfaces for your devices.,,"[""Visuals/Design""]",[],True,Resize,Grab and move to resize the box.,interactive,,,,,,,,,,,,,,,,,,,,,,,,,,,,,,,,,,,,,,,,,,,,,,,,,,,,,,,,,,,,,,,,,,,,,,,,
device_handle,../NewPatch/Assets/Blocks\device_handle\device_handle.json,Allows you to build devices that will replace your controllers when grabbed. Must be put inside a group or device to work properly.,"When you grab a group or device with a device_handle inside your controller will be hidden, and the entire device will be reoriented to replace your controller.","[""Interfaces/Special""]",[],True,Grip,Sends out a 1 when you grab the handle and 0 when you let go.,jolt output,Trigger,Sends out a 1 when you press the trigger while grabbing the handle and 0 when you release. Continuous output can be enabled via the inspector.,jolt output,Hand side,"Sends 0 for right, 1 for left, when the handle is grabbed.",jolt output,Button A Pressed,"Send 1 when A button is pressed, 0 when released.",,Button B Pressed,"Send 1 when B button is pressed, 0 when released.",,Thumbstick X,"Output thumbstick horizontal position.
-1 is left
+1 is right",,Thumbstick Y,"Output thumbstick vertical position.
-1 is down
+1 is up",,,,,,,,,,,,,,,,,,,,,,,,,,,,,,,,,,,,,,,,,,,,,,,,,,,,,,,
digitalwaveguidestring,../NewPatch/Assets/Blocks\digitalWaveguideString\digitalWaveguideString.json,A string you can play by plucking it or hitting it with a marble.,,[],[],True,k_sustain,,,sustainEventReceiver,,,k_brightness,,,brightnessEventReceiver,,,Grab sphere VR,,,string,,,ChangeStringRadius,,,ChangeLength,,,,,,,,,,,,,,,,,,,,,,,,,,,,,,,,,,,,,,,,,,,,,,,,,,,,,
digi_sphere_01,../NewPatch/Assets/Blocks\digi_sphere_01\digi_sphere_01.json,,,"[""Props""]",[],False,,,,,,,,,,,,,,,,,,,,,,,,,,,,,,,,,,,,,,,,,,,,,,,,,,,,,,,,,,,,,,,,,,,,,,,,,,,
digi_sphere_03,../NewPatch/Assets/Blocks\digi_sphere_03\digi_sphere_03.json,,,"[""Props""]",[],False,,,,,,,,,,,,,,,,,,,,,,,,,,,,,,,,,,,,,,,,,,,,,,,,,,,,,,,,,,,,,,,,,,,,,,,,,,,
digi_sphere_04,../NewPatch/Assets/Blocks\digi_sphere_04\digi_sphere_04.json,,,"[""Props""]",[],False,,,,,,,,,,,,,,,,,,,,,,,,,,,,,,,,,,,,,,,,,,,,,,,,,,,,,,,,,,,,,,,,,,,,,,,,,,,
digi_sphere_05,../NewPatch/Assets/Blocks\digi_sphere_05\digi_sphere_05.json,,,"[""Props""]",[],False,,,,,,,,,,,,,,,,,,,,,,,,,,,,,,,,,,,,,,,,,,,,,,,,,,,,,,,,,,,,,,,,,,,,,,,,,,,
digi_sphere_06,../NewPatch/Assets/Blocks\digi_sphere_06\digi_sphere_06.json,,,"[""Props""]",[],False,,,,,,,,,,,,,,,,,,,,,,,,,,,,,,,,,,,,,,,,,,,,,,,,,,,,,,,,,,,,,,,,,,,,,,,,,,,
digi_stage_triangle_01,../NewPatch/Assets/Blocks\digi_stage_triangle_01\digi_stage_triangle_01.json,,,"[""Stages""]",[],False,,,,,,,,,,,,,,,,,,,,,,,,,,,,,,,,,,,,,,,,,,,,,,,,,,,,,,,,,,,,,,,,,,,,,,,,,,,
digi_stage_triangle_02,../NewPatch/Assets/Blocks\digi_stage_triangle_02\digi_stage_triangle_02.json,,,"[""Stages""]",[],False,,,,,,,,,,,,,,,,,,,,,,,,,,,,,,,,,,,,,,,,,,,,,,,,,,,,,,,,,,,,,,,,,,,,,,,,,,,
digi_terrain,../NewPatch/Assets/Blocks\digi_terrain\digi_terrain.json,,,"[""Terrains""]",[],False,,,,,,,,,,,,,,,,,,,,,,,,,,,,,,,,,,,,,,,,,,,,,,,,,,,,,,,,,,,,,,,,,,,,,,,,,,,
divide,../NewPatch/Assets/Blocks\divide\divide.json,Divides one number by the other number and outputs the result using a simple A / B math operation. Remember to avoid dividing by zero.,,"[""Audio/Operators""]","[""multiply"", ""add"", ""subtract"", ""divide_jolt""]",True,A,"The first value, which will be divided by B.",stream input,B,"The second value, by which the A will by divided. Must not be zero.",stream input,,,,,,,,,,,,,,,,,,,,,,,,,,,,,,,,,,,,,,,,,,,,,,,,,,,,,,,,,,,,,,,,,,,,,
divide_jolt,../NewPatch/Assets/Blocks\divide_jolt\divide_jolt.json,Divides incomming jolt number by the set stream value and outputs the result as jolt. Remember to avoid dividing by zero.,,"[""Logic/Operators""]","[""multiply_jolt"", ""add_jolt"", ""subtract_jolt"", ""divide""]",True,Calculate,"Receives value which will be divided by the stream value, triggers the calculation.",jolt input,toggle,Toggle,,Result,Emits calculated value as jolt.,jolt output,Divider,Sets the value by which the jolt input value will be divided (without triggering the output). Must not be zero.,stream input,,,,,,,,,,,,,,,,,,,,,,,,,,,,,,,,,,,,,,,,,,,,,,,,,,,,,,,,,,,,,,,
doublecone,../NewPatch/Assets/Blocks\doublecone\doublecone.json,,,"[""Props""]",[],False,,,,,,,,,,,,,,,,,,,,,,,,,,,,,,,,,,,,,,,,,,,,,,,,,,,,,,,,,,,,,,,,,,,,,,,,,,,
dreamfloor,../NewPatch/Assets/Blocks\dreamfloor\dreamfloor.json,,,"[""Props""]",[],False,,,,,,,,,,,,,,,,,,,,,,,,,,,,,,,,,,,,,,,,,,,,,,,,,,,,,,,,,,,,,,,,,,,,,,,,,,,
duck,../NewPatch/Assets/Blocks\duck\duck.json,,,"[""Props""]",[],False,animProgress,,,,,,,,,,,,,,,,,,,,,,,,,,,,,,,,,,,,,,,,,,,,,,,,,,,,,,,,,,,,,,,,,,,,,,,,,,
eggtimer,../NewPatch/Assets/Blocks\eggtimer\eggtimer.json,The egg timer delays an event depending on the value of INa,,"[""Logic/Timing""]",[],True,s_IN," (INa) delay time (seconds)",,eR_hot, input,,e_OUT,,,,,,,,,,,,,,,,,,,,,,,,,,,,,,,,,,,,,,,,,,,,,,,,,,,,,,,,,,,,,,,,,,,,
elbow,../NewPatch/Assets/Blocks\elbow\elbow.json,A 90 degree bend that simply passes the stream from input to output.,,"[""Logic/Connectors""]",[],True,input,,stream input,,,,,,,,,,,,,,,,,,,,,,,,,,,,,,,,,,,,,,,,,,,,,,,,,,,,,,,,,,,,,,,,,,,,,,,,
envelope,../NewPatch/Assets/Blocks\envelope\envelope.json,Generates attack/decay envelopes of various shapes,,"[""Audio/Generators""]",[],True,Output,Outputs the envelope.,stream output,Attack Time,How long the attack phase should take.,stream input,Decay Time,How long the decay phase should take.,stream input,Trigger Attack/Decay,Trigger an attack followed by a decay.,jolt input,Trigger Attack,"Trigger an attack, the envelope will stop at the peak.",jolt input,Trigger Decay,"Trigger a decay, making the envelope go back to zero.",jolt input,Attack Done,Sends out a jolt when the attack phase finishes.,jolt output,Decay Done,Sounds out a jolt when the decay phase finishes.,jolt output,,,,,,,,,,,,,,,,,,,,,,,,,,,,,,,,,,,,,,,,,,,,,,,,,,,
envelope_ad,../NewPatch/Assets/Blocks\envelope_ad\envelope_ad.json,"A two-stage, Attack-Decay envelope with linear response. Attack begins from 0 and rises to 1. Decay begins from 1 and falls to 0. Connect the 'End of attack' output to the 'Decay trigger' input to trigger the decay stage right after attack finishes.",,"[""Deprecated""]","[""decay""]",True,Attack time,Attack stage time (in seconds).,stream input,Decay time,Decay stage time (in seconds).,stream input,End of attack,Emits jolt once the attack stage finishes. Connect to the 'Decay trigger' input to trigger the decay stage right after attack finishes.,jolt output,End of decay,Emits jolt once the decay stage finishes.,jolt output,Attack trigger,Triggers the attack stage of the envelope.,jolt input,Decay trigger,Triggers the decay stage of the envelope.,jolt input,,,,,,,,,,,,,,,,,,,,,,,,,,,,,,,,,,,,,,,,,,,,,,,,,,,,,,,,,
ep3_beer,../NewPatch/Assets/Blocks\ep3_beer\ep3_beer.json,,,"[""Props""]",[],False,Hit me,,,e_OUT,,,,,,,,,,,,,,,,,,,,,,,,,,,,,,,,,,,,,,,,,,,,,,,,,,,,,,,,,,,,,,,,,,,,,,,
ep3_bigClayPot,../NewPatch/Assets/Blocks\ep3_bigClayPot\ep3_bigClayPot.json,,,[],[],False,Hit me,,,e_OUT,,,,,,,,,,,,,,,,,,,,,,,,,,,,,,,,,,,,,,,,,,,,,,,,,,,,,,,,,,,,,,,,,,,,,,,
ep3_clayPlate,../NewPatch/Assets/Blocks\ep3_clayPlate\ep3_clayPlate.json,,,[],[],False,Hit me,,,e_OUT,,,,,,,,,,,,,,,,,,,,,,,,,,,,,,,,,,,,,,,,,,,,,,,,,,,,,,,,,,,,,,,,,,,,,,,
ep3_clayPlatesBroken,../NewPatch/Assets/Blocks\ep3_clayPlatesBroken\ep3_clayPlatesBroken.json,,,[],[],False,Hit me,,,e_OUT,,,,,,,,,,,,,,,,,,,,,,,,,,,,,,,,,,,,,,,,,,,,,,,,,,,,,,,,,,,,,,,,,,,,,,,
ep3_egg,../NewPatch/Assets/Blocks\ep3_egg\ep3_egg.json,,,"[""Props""]",[],False,Hit me,,,e_OUT,,,,,,,,,,,,,,,,,,,,,,,,,,,,,,,,,,,,,,,,,,,,,,,,,,,,,,,,,,,,,,,,,,,,,,,
ep3_fork,../NewPatch/Assets/Blocks\ep3_fork\ep3_fork.json,,,"[""Props""]",[],False,Hit me,,,e_OUT,,,,,,,,,,,,,,,,,,,,,,,,,,,,,,,,,,,,,,,,,,,,,,,,,,,,,,,,,,,,,,,,,,,,,,,
ep3_IndianClayPot,../NewPatch/Assets/Blocks\ep3_IndianClayPot\ep3_IndianClayPot.json,,,[],[],False,Hit me,,,e_OUT,,,,,,,,,,,,,,,,,,,,,,,,,,,,,,,,,,,,,,,,,,,,,,,,,,,,,,,,,,,,,,,,,,,,,,,
ep3_matches,../NewPatch/Assets/Blocks\ep3_matches\ep3_matches.json,,,"[""Props""]",[],False,Hit me,,,e_OUT,,,,,,,,,,,,,,,,,,,,,,,,,,,,,,,,,,,,,,,,,,,,,,,,,,,,,,,,,,,,,,,,,,,,,,,
ep3_peaCan,../NewPatch/Assets/Blocks\ep3_peaCan\ep3_peaCan.json,,,[],[],False,Hit me,,,e_OUT,,,,,,,,,,,,,,,,,,,,,,,,,,,,,,,,,,,,,,,,,,,,,,,,,,,,,,,,,,,,,,,,,,,,,,,
ep3_sausage,../NewPatch/Assets/Blocks\ep3_sausage\ep3_sausage.json,,,"[""Props""]",[],False,Hit me,,,e_OUT,,,,,,,,,,,,,,,,,,,,,,,,,,,,,,,,,,,,,,,,,,,,,,,,,,,,,,,,,,,,,,,,,,,,,,,
ep3_skull,../NewPatch/Assets/Blocks\ep3_skull\ep3_skull.json,,,"[""Props""]",[],False,Hit me,,,e_OUT,,,,,,,,,,,,,,,,,,,,,,,,,,,,,,,,,,,,,,,,,,,,,,,,,,,,,,,,,,,,,,,,,,,,,,,
ep3_spoon,../NewPatch/Assets/Blocks\ep3_spoon\ep3_spoon.json,,,"[""Props""]",[],False,Hit me,,,e_OUT,,,,,,,,,,,,,,,,,,,,,,,,,,,,,,,,,,,,,,,,,,,,,,,,,,,,,,,,,,,,,,,,,,,,,,,
ep3_tire,../NewPatch/Assets/Blocks\ep3_tire\ep3_tire.json,,,"[""Props""]",[],False,Hit me,,,e_OUT,,,,,,,,,,,,,,,,,,,,,,,,,,,,,,,,,,,,,,,,,,,,,,,,,,,,,,,,,,,,,,,,,,,,,,,
ep3_umbrella_red,../NewPatch/Assets/Blocks\ep3_umbrella_red\ep3_umbrella_red.json,,,"[""Props""]",[],False,Hit me,,,e_OUT,,,,,,,,,,,,,,,,,,,,,,,,,,,,,,,,,,,,,,,,,,,,,,,,,,,,,,,,,,,,,,,,,,,,,,,
ep3_wine,../NewPatch/Assets/Blocks\ep3_wine\ep3_wine.json,,,"[""Props""]",[],False,Hit me,,,e_OUT,,,,,,,,,,,,,,,,,,,,,,,,,,,,,,,,,,,,,,,,,,,,,,,,,,,,,,,,,,,,,,,,,,,,,,,
Eventhera,../NewPatch/Assets/Blocks\Eventhera\Eventhera.json,,,[],[],False,esReciver,,,interactionEventEmitter,,,PULL_extend_X,,,PULL_extend_Y,,,PULL_extend_Z,,,sO_X,,,sO_Y,,,sO_Z,,,,,,,,,,,,,,,,,,,,,,,,,,,,,,,,,,,,,,,,,,,,,,,,,,,,,
execute,../NewPatch/Assets/Blocks\execute\execute.json,Execute console command when triggered. Using up to 4 inputs :0 :1 :2... as parameter. ex : bgcolor :1 :2 :3,,"[""System""]",[],True,text_IN,,,esReciver,,,Button,,,s_IN,,,,,,,,,,,,,,,,,,,,,,,,,,,,,,,,,,,,,,,,,,,,,,,,,,,,,,,,,,,,,,,,,
extension,../NewPatch/Assets/Blocks\extension\extension.json,"Like an extension cable, connects two blocks to pass a stream event through a longer distance.",,"[""Deprecated""]","[""split"", ""fork""]",True,multibreak_ICO,,,Input,Extension cable input.,stream input,Output,Grabbable extension cable output.,stream output,,,,,,,,,,,,,,,,,,,,,,,,,,,,,,,,,,,,,,,,,,,,,,,,,,,,,,,,,,,,,,,,,,
e_string,../NewPatch/Assets/Blocks\e_string\e_string.json,String intended to be used with bow block.,,"[""Interfaces/Special""]",[],False,Contact point on the bow,,,Distance with bow,Can be negative if a pressure with the bow is applied on the string.,,Contact point on string,,,Bowing rubbing speed,,,Bow hit speed,,,Bow rubbing speed sideway,,,Touch note,"When players touch the string, it outputs the position of their touch along the string.",,string,,,,,,,,,,,,,,,,,,,,,,,,,,,,,,,,,,,,,,,,,,,,,,,,,,,,,
fan,../NewPatch/Assets/Blocks\fan\fan.json,Propels marbles when they pass in front of the fan.,,"[""Motion/Marble Run""]",[],False,visuals,,,Size,,,Wind Strength,,,ValveEventReciver,,,,,,,,,,,,,,,,,,,,,,,,,,,,,,,,,,,,,,,,,,,,,,,,,,,,,,,,,,,,,,,,,
field,../NewPatch/Assets/Blocks\field\field.json,Add Force or Gravity to all blocks inside.,,"[""Motion/Physics""]",[],False,Resize,Resize the area of the field.,,Strength,Force strength.,,Only Include,"Will only apply force to connected blocks. (if no blocks connected, field will affect every blocks inside)",,Exclude,Ignore blocks even if they are inside.,,Direction,Direction of the force to apply.,,Is Global,Will affets all physical blocks in the world.,,Is Global,Will affets all physical blocks in the world.,,,,,,,,,,,,,,,,,,,,,,,,,,,,,,,,,,,,,,,,,,,,,,,,,,,,,,,
filter,../NewPatch/Assets/Blocks\filter\filter.json,"Shapes your sound by cutting frequencies. Select a type (Low-Pass, High-Pass, or Band-Pass) to control what gets filtered out.","This filter lets you remove parts of a sound to change its character. The live graph shows you exactly what it's doing.

*   **Cutoff Knob:** This is your main control. It sets the frequency where the filter starts working. Sweep it to create the classic filter sound.

*   **Resonance Knob:** This adds a sharp, whistle-like boost at the cutoff frequency, making the effect more intense and aggressive.

**Filter Types:**

*   **Low-Pass (LP):** Lets the low-end through and cuts the highs. Use it to make sounds warmer, darker, or more muffled.

*   **High-Pass (HP):** Lets the high-end through and cuts the bass. Use it to make sounds thinner, crisper, or to clean up a muddy mix.

*   **Band-Pass (BP):** Only lets a narrow ""band"" of sound through. Great for creating a telephone or radio-like effect.","[""Audio/Filters""]",[],False,Cutoff Freq,Sets the frequency where the filter starts working,,Type Dial,"Select between 3 types of filtering: BP, HP, LP
(Bandpass, Highpass, Lowpass)
",,Output,,,Input,,,Resonance,"This adds a sharp, whistle-like boost at the cutoff frequency, making the effect more intense and aggressive",,,,,,,,,,,,,,,,,,,,,,,,,,,,,,,,,,,,,,,,,,,,,,,,,,,,,,,,,,,,,
filter_eq,../NewPatch/Assets/Blocks\filter_eq\filter_eq.json,"A filter EQ for boosting or cutting bass, treble, and mid-range frequencies",,[],[],False,Input,,,Cutoff Freq,It sets the frequency where the filter starts working,,Gain,Controls the amount of boost (values > 1.0) or cut (values < 1.0). The middle position (1.0) has no effect,,Type Dial,"Selects the EQ shape: Low Shelf (bass), High Shelf (treble), or Bell",,Steepness,"Adjusts the sharpness of the EQ curve. Higher values create a more focused, resonant effect",,Output,,,,,,,,,,,,,,,,,,,,,,,,,,,,,,,,,,,,,,,,,,,,,,,,,,,,,,,,,,,
floor,../NewPatch/Assets/Blocks\floor\floor.json,Rounds input float numbers down to their nearest integer values (i.e. 5.9 will output 5).,,"[""Audio/Converters""]","[""round"", ""modulo"", ""floor_jolt""]",True,Input,The number that will be rounded down to the nearest whole number.,stream input,,,,,,,,,,,,,,,,,,,,,,,,,,,,,,,,,,,,,,,,,,,,,,,,,,,,,,,,,,,,,,,,,,,,,,,,
floor_jolt,../NewPatch/Assets/Blocks\floor_jolt\floor_jolt.json,Rounds jolt input float numbers down to their nearest integer values (i.e. 5.9 will output 5).,,"[""Logic/Operators""]","[""modulo_jolt"", ""floor""]",True,Input,Jolt that will be rounded down to the nearest whole number.,jolt input,Output,Emits result of rounding down jolt input to nearest whole number.,jolt output,,,,,,,,,,,,,,,,,,,,,,,,,,,,,,,,,,,,,,,,,,,,,,,,,,,,,,,,,,,,,,,,,,,,,
floor_speakers,../NewPatch/Assets/Blocks\floor_speakers\floor_speakers.json,,,[],[],False,,,,,,,,,,,,,,,,,,,,,,,,,,,,,,,,,,,,,,,,,,,,,,,,,,,,,,,,,,,,,,,,,,,,,,,,,,,
plant_01,../NewPatch/Assets/Blocks\flower_01\plant_01.json,,,[],[],False,,,,,,,,,,,,,,,,,,,,,,,,,,,,,,,,,,,,,,,,,,,,,,,,,,,,,,,,,,,,,,,,,,,,,,,,,,,
fluffy_tree,../NewPatch/Assets/Blocks\fluffy_tree\fluffy_tree.json,,,[],[],False,,,,,,,,,,,,,,,,,,,,,,,,,,,,,,,,,,,,,,,,,,,,,,,,,,,,,,,,,,,,,,,,,,,,,,,,,,,
fluidmicrophone2,../NewPatch/Assets/Blocks\fluidmicrophone2\fluidmicrophone2.json,,,"[""Interfaces/Special""]",[],False,Ready to record,Outputs a jolt when ready to record. Either because the player is close or because they pressed the record toggle.,jolt output,Input,Input audio to record.,stream input,Record toggle,Press and hold down trigger to record audio. Release trigger to stop recording.,interactive,Is recording,Outputs a 1 when the fluidmic. starts recording and 0 when it stops.,jolt output,,,,,,,,,,,,,,,,,,,,,,,,,,,,,,,,,,,,,,,,,,,,,,,,,,,,,,,,,,,,,,,
fork,../NewPatch/Assets/Blocks\fork\fork.json,"Extension cable and/or splitter, transmits one input stream as one or more stream outputs over a distance.",,"[""Logic/Connectors""]","[""split"", ""extension""]",True,Input,Stream input to be passed to output(s) unchanged.,stream input,Make new cable,Pull while holding trigger to create a new connection.,interactive,,,,,,,,,,,,,,,,,,,,,,,,,,,,,,,,,,,,,,,,,,,,,,,,,,,,,,,,,,,,,,,,,,,,,
fork_output,../NewPatch/Assets/Blocks\fork_output\fork_output.json,,,"[""Unclassified""]",[],False,fork_output,,,,,,,,,,,,,,,,,,,,,,,,,,,,,,,,,,,,,,,,,,,,,,,,,,,,,,,,,,,,,,,,,,,,,,,,,,
frame_drum,../NewPatch/Assets/Blocks\frame_drum\frame_drum.json,Drum making sound when struck,,"[""Audio/Physical""]",[],False,visuals,,,PitchHandle,Change the size of the drum,,Decay,Control the decay time,,decayEventReceiver,,,,,,,,,,,,,,,,,,,,,,,,,,,,,,,,,,,,,,,,,,,,,,,,,,,,,,,,,,,,,,,,,
freeverb,../NewPatch/Assets/Blocks\freeverb\freeverb.json,Reverb,,"[""Deprecated""]",[],True,s_IN_0_in,,,s_IN_1_roomsize,,,s_IN_2_feedback,,,s_IN_3_frezze,,,,,,,,,,,,,,,,,,,,,,,,,,,,,,,,,,,,,,,,,,,,,,,,,,,,,,,,,,,,,,,,,
frequency_analyzer,../NewPatch/Assets/Blocks\frequency_analyzer\frequency_analyzer.json,,,"[""Experimental""]",[],True,signal_input,,,trigger_analysis,,,max_freq,,,max_freq_amplitude,,,,,,,,,,,,,,,,,,,,,,,,,,,,,,,,,,,,,,,,,,,,,,,,,,,,,,,,,,,,,,,,,
from_db,../NewPatch/Assets/Blocks\from_db\from_db.json,Converts value from dB to amplitude,,"[""Audio/Converters""]","[""to_db""]",True,s_IN_0, a,,Input,Value which will be converted from dB.,stream input,,,,,,,,,,,,,,,,,,,,,,,,,,,,,,,,,,,,,,,,,,,,,,,,,,,,,,,,,,,,,,,,,,,,,
function,../NewPatch/Assets/Blocks\function\function.json,Use math functions,,"[""Logic/Operators""]",[],False,Set Type Reciever,0 - sin; 1 - cos; 2 - tanh; 3 - floor; 4 - abs; 5 - one_minus; 6 - sign; 7 - round; 8 - ceil,,Input,Input value,,,,,,,,,,,,,,,,,,,,,,,,,,,,,,,,,,,,,,,,,,,,,,,,,,,,,,,,,,,,,,,,,,,,,,
funnel,../NewPatch/Assets/Blocks\funnel\funnel.json,,,"[""Deprecated""]",[],True,Grab,,,,,,,,,,,,,,,,,,,,,,,,,,,,,,,,,,,,,,,,,,,,,,,,,,,,,,,,,,,,,,,,,,,,,,,,,,
gate,../NewPatch/Assets/Blocks\gate\gate.json,Allows or disallows jolts to pass based on the set stream value.,,"[""Logic/Conditional""]","[""sequence""]",True,Output,Emits the received jolt value as a jolt if gate value is equal or greater than 0.5,jolt output,Gate,Sets the gate state. Values equal or greater than 0.5 will set gate state to 'open'.,stream input,Input,Receives jolt value which will be passed to the output if gate value is equal or greater than 0.5,jolt input,,,,,,,,,,,,,,,,,,,,,,,,,,,,,,,,,,,,,,,,,,,,,,,,,,,,,,,,,,,,,,,,,,
get,../NewPatch/Assets/Blocks\get\get.json,Emits jolt event when triggered. Value is determined by the stream input.,,"[""Interfaces/Tap""]","[""stoe""]",True,Value,Sets the value that will be emitted (without triggering the output).,stream input,Output,Emits jolt output when triggered.,jolt output,Button,Triggers the output to emit the set value.,interactive,,,,,,,,,,,,,,,,,,,,,,,,,,,,,,,,,,,,,,,,,,,,,,,,,,,,,,,,,,,,,,,,,,
get_name,../NewPatch/Assets/Blocks\get_name\get_name.json,"Get the name of the given blocks. (can also give player's or device's name) If multiple blocks are given, it will separate them with a comma and whitespace.",,[],[],False,Source Block,Blocks from which we retrieve the name.,,,,,,,,,,,,,,,,,,,,,,,,,,,,,,,,,,,,,,,,,,,,,,,,,,,,,,,,,,,,,,,,,,,,,,,,,
ghost,../NewPatch/Assets/Blocks\ghost\ghost.json,Place a recorded controller and change the timing.,,[],[],True,k_offset," Offset the animation in time.",,b_offset," Restart when pressed.",,k_tempo," Set the base tempo.",,k_beat, Set how many beats it lasts before looping.,,Grab sphere VR,,,text_IN,,,k_startTrim,,,,,,,,,,,,,,,,,,,,,,,,,,,,,,,,,,,,,,,,,,,,,,,,,,,,,,,,
ghost_looper,../NewPatch/Assets/Blocks\ghost_looper\ghost_looper.json,Let you record yourself. A copy of your avatar will then playback your movements on instruments.,,"[""Player""]",[],True,Ghost loop ended,This triggers when ghost loop reached the end.,,Trigger Recording / Playback,Play / Record the ghost sequence.,,Offset Time,"Will offset the ghost sequence playback, with a duration given in beat count.",,Pause On/Off,Send 0 to pause and hide the ghost. 1 to continue playing.,,Is Recording,"0  - Recording just started
x  - Time of recording
-1 - Recording Cancelled",,Recording duration,How long will be the recording in bar (4 beats).,,State,0 Empty - 1 Standby - 2 Recording - 3 FinishingRecording - 4 Playback,,Progress,Progress time of the playback in beats.,,Record/Play Button,"Hit the button once, get in position, then press ""A"" button on our controller to actually start the recording.
When a ghost is recorded, hit this button to play/pause the recording.",,Record Voice,Should we also record the voice from the microphone ?,,Record Voice on/off,Should we also record the voice from the microphone ?,,Loop on/off,Makes the recording to loop when finished.,,Loop on/off,Makes the recording to loop when finished.,,Clear,Delete the ghost recording.,,Cancel,Abort recording.,,Rewind,Rewind recording to the beginning.,,,,,,,,,,,,,,,,,,,,,,,,,,,,
global_reverb,../NewPatch/Assets/Blocks\global_reverb\global_reverb.json,,,"[""Experimental""]",[],True,s_IN_1_decayTime,,,s_IN_2_absorb,,,s_IN_3_freeze,,,,,,,,,,,,,,,,,,,,,,,,,,,,,,,,,,,,,,,,,,,,,,,,,,,,,,,,,,,,,,,,,,,,
goo_terrain,../NewPatch/Assets/Blocks\goo_terrain\goo_terrain.json,,,"[""Terrains""]",[],False,,,,,,,,,,,,,,,,,,,,,,,,,,,,,,,,,,,,,,,,,,,,,,,,,,,,,,,,,,,,,,,,,,,,,,,,,,,
gradient_cone_01,../NewPatch/Assets/Blocks\gradient_cone_01\gradient_cone_01.json,,,"[""Props""]",[],False,,,,,,,,,,,,,,,,,,,,,,,,,,,,,,,,,,,,,,,,,,,,,,,,,,,,,,,,,,,,,,,,,,,,,,,,,,,
gradient_cone_02,../NewPatch/Assets/Blocks\gradient_cone_02\gradient_cone_02.json,,,"[""Props""]",[],False,,,,,,,,,,,,,,,,,,,,,,,,,,,,,,,,,,,,,,,,,,,,,,,,,,,,,,,,,,,,,,,,,,,,,,,,,,,
gradient_sphere,../NewPatch/Assets/Blocks\gradient_sphere\gradient_sphere.json,,,"[""Props""]",[],False,,,,,,,,,,,,,,,,,,,,,,,,,,,,,,,,,,,,,,,,,,,,,,,,,,,,,,,,,,,,,,,,,,,,,,,,,,,
gravity,../NewPatch/Assets/Blocks\gravity\gravity.json,,,"[""Motion/Marble Run""]",[],False,,,,,,,,,,,,,,,,,,,,,,,,,,,,,,,,,,,,,,,,,,,,,,,,,,,,,,,,,,,,,,,,,,,,,,,,,,,
hammer,../NewPatch/Assets/Blocks\hammer\hammer.json,,,"[""Experimental""]",[],True,s_IN_0,,,s_IN_1,,,s_IN_2,,,,,,,,,,,,,,,,,,,,,,,,,,,,,,,,,,,,,,,,,,,,,,,,,,,,,,,,,,,,,,,,,,,,
handle,../NewPatch/Assets/Blocks\handle\handle.json,Lets you attach object together. Click and drag from handle to the object.,,"[""Deprecated""]",[],True,handle,,,,,,,,,,,,,,,,,,,,,,,,,,,,,,,,,,,,,,,,,,,,,,,,,,,,,,,,,,,,,,,,,,,,,,,,,,
hapticcontrol,../NewPatch/Assets/Blocks\hapticcontrol\hapticcontrol.json,Controls haptics of the controllers,Sending values between 0-1 to the stream input will set the intensity of the controller vibration,"[""System""]","[""controllerrotation"", ""controllerposition"", ""moveanalysis"", ""controllerrotation""]",True,Haptics right,Right controller haptics,stream input,Haptics left,Left controller haptics,stream input,,,,,,,,,,,,,,,,,,,,,,,,,,,,,,,,,,,,,,,,,,,,,,,,,,,,,,,,,,,,,,,,,,,,,
help_button,../NewPatch/Assets/Blocks\help_button\help_button.json,Press the button - triggers a jolt input when activated.,,"[""Interfaces/Tap""]",[],True,Button,Button,,Emitter,Emits jolt of active value,,e_I,Jolt input,,,,,,,,,,,,,,,,,,,,,,,,,,,,,,,,,,,,,,,,,,,,,,,,,,,,,,,,,,,,,,,,,,,
highpass,../NewPatch/Assets/Blocks\highpass\highpass.json,12 dB/oct (two-pole) biquad high-pass filter.,,"[""Audio/Filters""]","[""lowpass"", ""onepole"", ""ladder"", ""statevariable"", ""allpass2""]",True,Signal input,The input signal.,stream input,Cutoff frequency,Cutoff frequency of the filter (in Hz). Must not be less than one.,stream input,Resonance,Resonance of the filter. Must not be less than zero.,stream input,,,,,,,,,,,,,,,,,,,,,,,,,,,,,,,,,,,,,,,,,,,,,,,,,,,,,,,,,,,,,,,,,,
high_shelf,../NewPatch/Assets/Blocks\high_shelf\high_shelf.json,Boosts or cuts frequencies above a given frequency.,,"[""Audio/Filters""]",[],False,input,The signal to filter,straem input,freq,The frequency above which to boost or cut.,stream input,gain,How much to boost or cut.,,steepness,How steep the passband should be.,stream input,output,The filtered signal,stream output,,,,,,,,,,,,,,,,,,,,,,,,,,,,,,,,,,,,,,,,,,,,,,,,,,,,,,,,,,,,
hsvtorgb,../NewPatch/Assets/Blocks\hsvtorgb\hsvtorgb.json,,,"[""Experimental""]",[],True,sO_R,,,sO_G,,,sO_B,,,Hue,,,Saturation,,,Value,,,Grab sphere VR,,,,,,,,,,,,,,,,,,,,,,,,,,,,,,,,,,,,,,,,,,,,,,,,,,,,,,,,
ice_crystal_terrain,../NewPatch/Assets/Blocks\ice_crystal_terrain\ice_crystal_terrain.json,,,"[""Terrains""]",[],False,,,,,,,,,,,,,,,,,,,,,,,,,,,,,,,,,,,,,,,,,,,,,,,,,,,,,,,,,,,,,,,,,,,,,,,,,,,
ice_terrain,../NewPatch/Assets/Blocks\ice_terrain\ice_terrain.json,,,[],[],False,,,,,,,,,,,,,,,,,,,,,,,,,,,,,,,,,,,,,,,,,,,,,,,,,,,,,,,,,,,,,,,,,,,,,,,,,,,
if_else,../NewPatch/Assets/Blocks\if_else\if_else.json,"Compares a jolt value with a stream value and outputs a jolt value through one of the two outputs, depending on whether the condition is met or not",,"[""Logic/Conditional""]","[""compare""]",True,SetTypeReciever,,,Input,"Receives value which will be compared with value set in the stream input, triggers the comparison.",jolt input,Comparison operation,Sets the type of the comparison operation.,interactive,Compare with,Sets the value that will be compared with the incoming value from the jolt input (without triggering the output).,stream input, Output if,Emits received jolt value if the condition is met.,jolt output, Output else,Emits received jolt value if the condition is not met.,jolt output,,,,,,,,,,,,,,,,,,,,,,,,,,,,,,,,,,,,,,,,,,,,,,,,,,,,,,,,,
image,../NewPatch/Assets/Blocks\image\image.json,Loads .png/.jpg/.gif file with transparency. It has a spritesheet feature (Inspector) to play animations like gifs.,,"[""Visuals/Media""]",[],True,Resize handle,,,Frame ID (spritesheet),"When using spritesheet feature, this input controls which frame to display.",,,,,,,,,,,,,,,,,,,,,,,,,,,,,,,,,,,,,,,,,,,,,,,,,,,,,,,,,,,,,,,,,,,,,,
Inspector,../NewPatch/Assets/Blocks\Inspector\Inspector.json,,,[],[],False,,,,,,,,,,,,,,,,,,,,,,,,,,,,,,,,,,,,,,,,,,,,,,,,,,,,,,,,,,,,,,,,,,,,,,,,,,,
integrator,../NewPatch/Assets/Blocks\integrator\integrator.json,A leaky integrator with separate constants for the rise and fall time. This block can be used to smooth out an incoming signal so that the change in the signal level cannot exceed a certain value per second. Combine with the 'abs' block to create an envelope follower.,,"[""Logic/Timing""]",[],True,Signal input,The signal to integrate.,stream input,Rise control,The integration constant to use when the signal is rising.,stream input,Fall control, The integration constant to use when the signal is falling.,stream input,Set value,Immediately set the internal value of the integrator. Usually you will want to set the value of the signal (stream) input as well.,jolt input,,,,,,,,,,,,,,,,,,,,,,,,,,,,,,,,,,,,,,,,,,,,,,,,,,,,,,,,,,,,,,,
interaction_box,../NewPatch/Assets/Blocks\interaction_box\interaction_box.json,A highly flexible interface for building different kinds of interactions.,"A box-shaped area that can be divided into segments along each axis. Provides a variety of different jolt outputs for each controller inside the interaction area, and lets you control the controller's haptics.","[""Interfaces/Move""]",[],True,Resize handle,Drag to resize the interaction area.,interactive,Right X,Emits the X position of the right controller.,jolt output,Right Y,Emits the Y position of the right controller.,jolt output,Right Z,Emits the Z position of the right controller.,jolt output,Right present,Emits a 1 when the right controller enters the area and 0 when it leaves.,jolt output,Right trigger,Emits a value between 0 and 1 depending on how much the right controller trigger button is pressed. If 'Continous trigger' is turned off via the inspector it sends out 1/0 when the trigger is pressed/released.,jolt output,Left X,Emits the X position of the left controller.,jolt output,Left Y,Emits the Y position of the left controller.,jolt output,Left Z,Emits the Z position of the left controller.,jolt output,Left present,Emits a 1 when the left controller enters the area and 0 when it leaves.,jolt output,Left trigger,Emits a value between 0 and 1 depending on how much the left controller trigger button is pressed. If 'Continous trigger' is turned off via the inspector it sends out 1/0 when the trigger is pressed/released.,jolt output,Segments X,Controls the number of segments in the X direction.,knob,Segments X,Controls the number of segments in the X direction.,jolt input,Segments Y,Controls the number of segments in the Y direction.,knob,Segments Y,Controls the number of segments in the Y direction.,jolt input,Segments Z,Controls the number of segments in the Z direction.,knob,Segments Z,Controls the number of segments in the Z direction.,jolt input,Haptics left,Controls the vibration strength of the left controller.,stream input,Haptics right,Controls the vibration strength of the right controller:,stream input,,,,,,,,,,,,,,,,,,
interaction_cylinder,../NewPatch/Assets/Blocks\interaction_cylinder\interaction_cylinder.json,"Like the interaction_box, but cylinder shaped.",,"[""Interfaces/Move""]",[],False,Resize handle,Use trigger to resize.,interactive,Left controller height,Sends out the left controller height,jolt output,Left controller radius,The distance of the left controller to the center of the cylinder.,jolt output,Left controller angle,The angular position of the controller. Range 0 to 1 clockwise.,jolt output,Left controller present,Sends a 1 when a left controller enters and 0 when it exits.,jolt output,Left controller trigger,Sends out the analog value of the left controller's trigger button.,jolt output,Left controller roll,Sends out the roll angle of the left controller. Range -0.5 to 0.5.,jolt output,Left controller haptics,Controls the vibration of the left controller.,stream input,Left controller haptics,Controls the vibration of the left controller.,stream input,Right controller present,Sends a 1 when a left controller enters and 0 when it exits,jolt output,Right controller trigger,Sends out the analog value of the left controller's trigger button.,jolt output,Right controller roll,Sends out the roll angle of the left controller. Range -0.5 to 0.5.,jolt output,Right controller height,Sends out the right controller height,jolt output,Right controller radius,The distance of the right controller to the center of the cylinder.,jolt output,Right controller angle,The angular position of the controller.,jolt output,Right controller haptics,Controls the vibration of the left controller.,stream input,Right controller haptics,Controls the vibration of the left controller.,stream input,Num. height segments,Controls the number of segments along the height of the cylinder.,knob,Num. radial segments,Controls the number of segments going from the middle of the cylinder outwards.,knob,Num. angular segments,Controls the number of segments going around the cylinder (like a clock).,knob,,,,,,,,,,,,,,,
joint,../NewPatch/Assets/Blocks\joint\joint.json,"Let you connect two physical parts together and control / constrain rotation. (let you make robotic arms, wheel, joystick etc)
- Place this joint inside a physical group.
- Connect the selector to a different group (or block).
Both group will be subject to the constraint.
Activate different features and degree of freedom from the Inspector.",,"[""Motion/Physics""]",[],False,Connected Part,"Connected block will become automatically physical if no ""Make Physical"" block is used. Can connect to only one block or group.",,Resize the shaft,Only affect visuals.,,,,,,,,,,,,,,,,,,,,,,,,,,,,,,,,,,,,,,,,,,,,,,,,,,,,,,,,,,,,,,,,,,,,,,
joint_direction,../NewPatch/Assets/Blocks\joint_direction\joint_direction.json,"Used in combiation with ""joint"" block. Control both Heading and Elevation rotations.",,[],[],False,Spring,How fast it goes to target position.,,Inertia/Damper,Prevent the Spring force to wobble. Inertia is also used as force for target velocity.,,Target Position,It requires non-zero Spring in order to move.,,Target Velocity,"It requires non-zero Inertia in order to move, and work best with Spring to zero.",,Target Position,It requires non-zero Spring in order to move.,,Target Velocity,"It requires non-zero Inertia in order to move, and work best with Spring to zero.",,,,,,,,,,,,,,,,,,,,,,,,,,,,,,,,,,,,,,,,,,,,,,,,,,,,,,,,,,
joint_direction_limit,../NewPatch/Assets/Blocks\joint_direction_limit\joint_direction_limit.json,Used to limit the red/green angle to a min/max angle.,,[],[],False,Heading Limit,,,Elevation Limit,,,Toggle Mode,,,Spring,,,Inertia,,,Bounciness 0-1,,,,,,,,,,,,,,,,,,,,,,,,,,,,,,,,,,,,,,,,,,,,,,,,,,,,,,,,,,,
joint_direction_output,../NewPatch/Assets/Blocks\joint_direction_output\joint_direction_output.json,Output position & speed of the X/Y joint rotation.,,[],[],False,Grab,,,Position X,Output position in degrees [-180;180],,Speed X,Output rotation speed in degree per second.,,Position Y,Output position in degrees [-180;180],,Speed Y,Output rotation speed in degree per second.,,,,,,,,,,,,,,,,,,,,,,,,,,,,,,,,,,,,,,,,,,,,,,,,,,,,,,,,,,,,,
joint_piston,../NewPatch/Assets/Blocks\joint_piston\joint_piston.json,"Used in combiation with ""joint"" block. Control Piston forward movement.",,[],[],False,Spring,How fast it goes to target position.,,Inertia/Damper,Prevent the Spring force to wobble. Inertia is used as force for target velocity.,,Target Position,It requires non-zero Spring in order to move.,,Target Velocity,"It requires non-zero Inertia in order to move, and work best with Spring to zero.",,,,,,,,,,,,,,,,,,,,,,,,,,,,,,,,,,,,,,,,,,,,,,,,,,,,,,,,,,,,,,,,
joint_piston_limit,../NewPatch/Assets/Blocks\joint_piston_limit\joint_piston_limit.json,Used to limit the piston range with distance.,,[],[],False,Distance Limit,,,Toggle Mode,,,Spring,,,Inertia,,,Bounciness 0-1,,,,,,,,,,,,,,,,,,,,,,,,,,,,,,,,,,,,,,,,,,,,,,,,,,,,,,,,,,,,,,
joint_piston_output,../NewPatch/Assets/Blocks\joint_piston_output\joint_piston_output.json,Output position and speed of the joint linear movement.,,[],[],False,Position,Offset position in meter.,,Speed,Offset speed in meter per second.,,,,,,,,,,,,,,,,,,,,,,,,,,,,,,,,,,,,,,,,,,,,,,,,,,,,,,,,,,,,,,,,,,,,,,
joint_roll,../NewPatch/Assets/Blocks\joint_roll\joint_roll.json,"Used in combiation with ""joint"" block. Control roll rotation.",,[],[],False,Spring,How fast it goes to target position.,,Inertia/Damper,Prevent the Spring force to wobble. Inertia is used as force for target velocity.,,Target Position,It requires non-zero Spring in order to move.,,Target Velocity,"It requires non-zero Inertia in order to move, and work best with Spring to zero.",,,,,,,,,,,,,,,,,,,,,,,,,,,,,,,,,,,,,,,,,,,,,,,,,,,,,,,,,,,,,,,,
joint_roll_limit,../NewPatch/Assets/Blocks\joint_roll_limit\joint_roll_limit.json,Used to limit the blue angle to a min/max angle.,,[],[],False,Low angle,,,High Angle,,,Toggle Mode,,,Spring,,,Inertia,,,Bounciness 0-1,,,,,,,,,,,,,,,,,,,,,,,,,,,,,,,,,,,,,,,,,,,,,,,,,,,,,,,,,,,
joint_roll_output,../NewPatch/Assets/Blocks\joint_roll_output\joint_roll_output.json,Output position & speed of the roll rotation.,,[],[],False,Position,Output position in degrees [-180; 180],,Speed,Output rotation speed in degree per second.,,,,,,,,,,,,,,,,,,,,,,,,,,,,,,,,,,,,,,,,,,,,,,,,,,,,,,,,,,,,,,,,,,,,,,
join_apply_text,../NewPatch/Assets/Blocks\join_apply_text\join_apply_text.json,"Given multiple blocks with text, it combine the different text into one and apply to its target block.",,[],[],False,Source Text,"Can have multiple text as input, so it joins all text together.",,Manual Trigger,You can connect a jolt here so it doesn't automatically trigger itself when source blocks change.,,Target block,"Target blocks, whose text will change.",,Clear,Clear the text.,,,,,,,,,,,,,,,,,,,,,,,,,,,,,,,,,,,,,,,,,,,,,,,,,,,,,,,,,,,,,,,,
joshua_tree,../NewPatch/Assets/Blocks\joshua_tree\joshua_tree.json,,,"[""Plants""]",[],False,,,,,,,,,,,,,,,,,,,,,,,,,,,,,,,,,,,,,,,,,,,,,,,,,,,,,,,,,,,,,,,,,,,,,,,,,,,
karplus_strong,../NewPatch/Assets/Blocks\karplus_strong\karplus_strong.json,,,"[""Experimental""]",[],True,s_IN_0,,,s_IN_1,,,s_IN_2,,,s_IN_3,,,,,,,,,,,,,,,,,,,,,,,,,,,,,,,,,,,,,,,,,,,,,,,,,,,,,,,,,,,,,,,,,
karplus_strong_extended,../NewPatch/Assets/Blocks\karplus_strong_extended\karplus_strong_extended.json,,,"[""Experimental""]",[],True,s_IN_0,,,s_IN_1,,,s_IN_2,,,s_IN_3,,,s_IN_4,,,s_IN_5,,,s_IN_6,,,,,,,,,,,,,,,,,,,,,,,,,,,,,,,,,,,,,,,,,,,,,,,,,,,,,,,,
kelp_group_small,../NewPatch/Assets/Blocks\kelp_group_small\kelp_group_small.json,,,"[""Plants""]",[],False,,,,,,,,,,,,,,,,,,,,,,,,,,,,,,,,,,,,,,,,,,,,,,,,,,,,,,,,,,,,,,,,,,,,,,,,,,,
kelp_group_tall,../NewPatch/Assets/Blocks\kelp_group_tall\kelp_group_tall.json,,,"[""Plants""]",[],False,,,,,,,,,,,,,,,,,,,,,,,,,,,,,,,,,,,,,,,,,,,,,,,,,,,,,,,,,,,,,,,,,,,,,,,,,,,
kelp_single,../NewPatch/Assets/Blocks\kelp_single\kelp_single.json,,,"[""Plants""]",[],False,,,,,,,,,,,,,,,,,,,,,,,,,,,,,,,,,,,,,,,,,,,,,,,,,,,,,,,,,,,,,,,,,,,,,,,,,,,
keyboard,../NewPatch/Assets/Blocks\keyboard\keyboard.json,A keyboard interface that can be used to play notes by pressing the keys or to play music from a specific scale using the jolt input.,,"[""Interfaces/Tap""]",[],True,MIDI Out,"Outputs the MIDI-number of the key you press, or the corresponding note if you send a jolt to INPUT.",jolt output,Num. notes,Ouputs the number of notes in the selected scale.,jolt output,Input,"Send a jolt to make the keyboard output the MIDI-number of the corresponding note in the scale, starting form zero. E.g. sending 0 will send out the root note, or if you have a major or minor scale selected sending a 2 will output the third.",jolt input,Root note,"Sets the root note of the keyboard and scale. Maps ""C"" key to choosen note.",knob,Root note,"Send a jolt to set the root note of the keyboard and scale. Maps ""C"" key to choosen note.",jolt input,Use Global Scale,Will share the same notes as other global keyboards.,jolt input,Play/Scale Toggle, Switch between Play/Scale edit mode.,,,,,,,,,,,,,,,,,,,,,,,,,,,,,,,,,,,,,,,,,,,,,,,,,,,,,,,
knob,../NewPatch/Assets/Blocks\knob\knob.json,A knob.,,"[""Interfaces/Tweak""]",[],True,knobBody,,,ValveEventReciver,,,,,,,,,,,,,,,,,,,,,,,,,,,,,,,,,,,,,,,,,,,,,,,,,,,,,,,,,,,,,,,,,,,,,,,
knobboard,../NewPatch/Assets/Blocks\knobboard\knobboard.json,Editable array of knobs.,,"[""Logic/Sequencing""]",[],True,btn_dbug,,,resize,,,OUT,,,WRITE,,,rows,,,columns,,,KnobB(Clone),,,,,,,,,,,,,,,,,,,,,,,,,,,,,,,,,,,,,,,,,,,,,,,,,,,,,,,,
ladder,../NewPatch/Assets/Blocks\ladder\ladder.json,"A 24 dB/oct (four-pole) bandpass-like filter, with center frequency and resonance settings.",,"[""Audio/Filters""]","[""lowpass"", ""highpass"", ""onepole"", ""statevariable"", ""allpass2""]",True,Signal input,The input signal.,stream input,Center frequency,Center frequency of the filter (in Hz). Must not be less than one.,stream input,Resonance,Resonance of the filter. Must not be less than zero.,stream input,,,,,,,,,,,,,,,,,,,,,,,,,,,,,,,,,,,,,,,,,,,,,,,,,,,,,,,,,,,,,,,,,,
landmark,../NewPatch/Assets/Blocks\landmark\landmark.json,"When placed inside a device, it tells where is the center of this device, and where is its front.
It helps to get the device well placed when spawned from library, also acts as pivot point for kinetic blocks.",,"[""System""]",[],False,,,,,,,,,,,,,,,,,,,,,,,,,,,,,,,,,,,,,,,,,,,,,,,,,,,,,,,,,,,,,,,,,,,,,,,,,,,
laserboard,../NewPatch/Assets/Blocks\laserboard\laserboard.json,,,"[""Deprecated""]",[],True,emiiter_ON,,,emitter_OFF,,,s_IN_base,,,GRAB_ico,,,s_IN0,,,s_IN1,,,s_IN2,,,s_IN3,,,s_IN4,,,s_IN5,,,s_IN6,,,s_IN7,,,s_IN8,,,s_IN9,,,s_IN10,,,s_IN11,,,,,,,,,,,,,,,,,,,,,,,,,,,,,
laserkey,../NewPatch/Assets/Blocks\laserkey\laserkey.json,,,"[""Deprecated""]",[],True,EmitterNoteON,,,EmitterNoteOFF,,,s_IN,,,,,,,,,,,,,,,,,,,,,,,,,,,,,,,,,,,,,,,,,,,,,,,,,,,,,,,,,,,,,,,,,,,,
laser_canvas,../NewPatch/Assets/Blocks\laser_canvas\laser_canvas.json,A canvas that lets you control stuff with the laser pointer.,When you point your controller at the canvas it will activate the laser pointer (like e.g. in the hub). Jolt outputs lets you get the controller state.,"[""Interfaces/Special""]",[],True,Resize,Move with trigger to resize the canvas.,interactive,Canvas,Point your controller at the canvas to interact with it.,interactive,Active,"Send a 1 to activate the laser, send a 0 to deactivate it.",jolt input,x,Emits the normalized (0 to 1) x coordinate of where you're pointing at the canvas.,jolt output,y,Emits the normalized (0 to 1) y coordinate of where you're pointing at the canvas.,jolt output,hover,Emits a 1 when you start pointing at the canvas and 0 when you stop.,jolt output,trigger,"Emits a 1 when you press the trigger while pointing at the canvas, and 0 when you stop or exit the canvas.",,,,,,,,,,,,,,,,,,,,,,,,,,,,,,,,,,,,,,,,,,,,,,,,,,,,,,,
lightbulb,../NewPatch/Assets/Blocks\lightbulb\lightbulb.json,Adds an HSV-colored light source to a scene.,,"[""Visuals/Lights""]",[],True,s_IN_h," Hue",,s_IN_s," Saturation",,s_IN_v, Intensity,,hue,,,saturation,,,value,,,,,,,,,,,,,,,,,,,,,,,,,,,,,,,,,,,,,,,,,,,,,,,,,,,,,,,,,,,
like_world_button,../NewPatch/Assets/Blocks\like_world_button\like_world_button.json,Click this button to like the world your are in. (You can only like other people's worlds),,"[""Player""]",[],False,On Like/Unlike,"0: player remove his like
1: player like this world
2: other player (mp session) clicked the button
",,,,,,,,,,,,,,,,,,,,,,,,,,,,,,,,,,,,,,,,,,,,,,,,,,,,,,,,,,,,,,,,,,,,,,,,,
limiter,../NewPatch/Assets/Blocks\limiter\limiter.json,"Applies brick wall limiting to the incoming signal, to control the amplitude.",,"[""Audio/Effects""]",[],True,Signal input,The signal to which the limiting will be applied.,stream input,Release time,How fast the limiter will stop suppressing the input signal once the threshold is no longer crossed.,stream input,Look-ahead time,Time 'ahead' at which the limiter will start suppressing the signal once the threshold has been crossed.,stream input,Attack time,How fast the limiter will start suppressing the input signal once the threshold level has been crossed.,stream input,Threshold level,The signal level above which the limiting will be applied. Set in linear units. (0-1 range),stream input,,,,,,,,,,,,,,,,,,,,,,,,,,,,,,,,,,,,,,,,,,,,,,,,,,,,,,,,,,,,
linearladder,../NewPatch/Assets/Blocks\linearladder\linearladder.json,Frequency bandpass filter.,,[],[],True,s_IN_0,,,s_IN_1,,,s_IN_2,,,,,,,,,,,,,,,,,,,,,,,,,,,,,,,,,,,,,,,,,,,,,,,,,,,,,,,,,,,,,,,,,,,,
list,../NewPatch/Assets/Blocks\list\list.json,Select between multiple stream inputs.,,"[""Experimental""]",[],True,Emitter_000,,,Emitter_001,,,es_hot,,,s_IN(Clone),,,,,,,,,,,,,,,,,,,,,,,,,,,,,,,,,,,,,,,,,,,,,,,,,,,,,,,,,,,,,,,,,
listener,../NewPatch/Assets/Blocks\listener\listener.json,"Listen to all output blocks, mix them all into a single audio signal and output it.",,"[""Audio/Generators""]",[],False,,,,,,,,,,,,,,,,,,,,,,,,,,,,,,,,,,,,,,,,,,,,,,,,,,,,,,,,,,,,,,,,,,,,,,,,,,,
log,../NewPatch/Assets/Blocks\log\log.json,Returns the logarithm of value A to the base of B value.,,"[""Audio/Operators""]","[""power"", ""log_jolt""]",True,A,Logarithm value A.,stream input,B,Logarithm base value B.,stream input,,,,,,,,,,,,,,,,,,,,,,,,,,,,,,,,,,,,,,,,,,,,,,,,,,,,,,,,,,,,,,,,,,,,,
log_jolt,../NewPatch/Assets/Blocks\log_jolt\log_jolt.json,Returns the logarithm of jolt input to the base of the stream value.,,"[""Logic/Operators""]","[""power_jolt"", ""log""]",True,Base,Sets the logarithm base value (without triggering the output).,stream input,Calculate,"Receives value of which the logarithm value will be calculated, triggers the calculation.",jolt input,Result,Emits calculated value as jolt.,jolt output,toggle,Toggle,,,,,,,,,,,,,,,,,,,,,,,,,,,,,,,,,,,,,,,,,,,,,,,,,,,,,,,,,,,,,,,,
lowpass,../NewPatch/Assets/Blocks\lowpass\lowpass.json,12 dB/oct (two-pole) biquad low-pass filter.,,"[""Audio/Filters""]","[""highpass"", ""onepole"", ""ladder"", ""statevariable"", ""allpass2""]",True,Signal input,The input signal.,stream input,Cutoff frequency,Cutoff frequency of the filter (in Hz). Must not be less than one.,stream input,Resonance,Resonance of the filter. Must not be less than zero.,stream input,,,,,,,,,,,,,,,,,,,,,,,,,,,,,,,,,,,,,,,,,,,,,,,,,,,,,,,,,,,,,,,,,,
lowpass_old,../NewPatch/Assets/Blocks\lowpass_old\lowpass_old.json,Low pass filter.,,[],[],True,s_IN_0,,,s_IN_1_cutoffFreq,,,,,,,,,,,,,,,,,,,,,,,,,,,,,,,,,,,,,,,,,,,,,,,,,,,,,,,,,,,,,,,,,,,,,,,
low_shelf,../NewPatch/Assets/Blocks\low_shelf\low_shelf.json,Boosts or cuts frequencies below a given frequency.,,"[""Audio/Filters""]",[],False,input,The signal to filter,straem input,freq,The frequency below which to boost or cut.,stream input,gain,How much to boost or cut.,,steepness,How steep the passband should be.,stream input,output,The filtered signal,stream output,,,,,,,,,,,,,,,,,,,,,,,,,,,,,,,,,,,,,,,,,,,,,,,,,,,,,,,,,,,,
magic_spotlight,../NewPatch/Assets/Blocks\magic_spotlight\magic_spotlight.json,Spot light which reveals passthrough.,,"[""Visuals/Lights""]",[],False,magic_spotlight,,,,,,,,,,,,,,,,,,,,,,,,,,,,,,,,,,,,,,,,,,,,,,,,,,,,,,,,,,,,,,,,,,,,,,,,,,
magic_window,../NewPatch/Assets/Blocks\magic_window\magic_window.json,"Used with Mixed Reality block, Magic windows will snap to the walls when the patch loads and reveal the game view. You can use it to place devices on walls.",,"[""Props""]",[],True,Resize,Move with trigger to resize the canvas.,interactive,Canvas,Point your controller at the canvas to interact with it.,interactive,Active,"Send a 1 to activate the laser, send a 0 to deactivate it.",jolt input,x,Emits the normalized (0 to 1) x coordinate of where you're pointing at the canvas.,jolt output,y,Emits the normalized (0 to 1) y coordinate of where you're pointing at the canvas.,jolt output,hover,Emits a 1 when you start pointing at the canvas and 0 when you stop.,jolt output,trigger,"Emits a 1 when you press the trigger while pointing at the canvas, and 0 when you stop or exit the canvas.",,hit,Emits speed when a marble or controller hits the window.,,,,,,,,,,,,,,,,,,,,,,,,,,,,,,,,,,,,,,,,,,,,,,,,,,,,
make_physical,../NewPatch/Assets/Blocks\make_physical\make_physical.json,"Make blocks able to collide, be thrown or subject to gravity.",,"[""Motion/Physics""]",[],False,Physic objects,Click and drag to make objects physical.,,Mass (kg),Will affect collision with other.,,Drag,Continuously slow down the speed of the object.,,Rotation Drag,Continuously slow down the rotation of the object.,,Magnet Force,"Putting a positive value will attract other blocks with positive value, and repel ones with negative.",,Bounciness,0-1 value controlling the bounce when colliding to other blocks (Average of both blocks' bounciness will be taken into account),,Friction,Takes any value from 0 to infinity. (Average of both blocks' friction will be taken into account),,Gravity,,,Gravity,"0 : no gravity, 1 : gravity is applied to the object.",,,,,,,,,,,,,,,,,,,,,,,,,,,,,,,,,,,,,,,,,,,,,,,,,
map,../NewPatch/Assets/Blocks\map\map.json,Scales values from one range to another.,For example can be used to scale slider 0-1 range to 1-1000 range.,"[""Audio/Converters""]","[""clamp""]",True,Input,Value to be mapped.,stream input,Input range min,Input range lower value.,stream input,Input range max,Input range upper value.,stream input,Output range min,Output range lower value.,stream input,Output range max,Output range upper value.,stream input,,,,,,,,,,,,,,,,,,,,,,,,,,,,,,,,,,,,,,,,,,,,,,,,,,,,,,,,,,,,
map_jolt,../NewPatch/Assets/Blocks\map_jolt\map_jolt.json,Scales values from one range to another.,For example can be used to scale slider 0-1 range to 1-1000 range.,"[""Logic/Operators""]",[],False,Input range min,Input range lower value.,stream input,Input range max,Input range upper value.,stream input,Output range min,Output range lower value.,stream input,Output range max,Output range upper value.,stream input,Output,Result of the mapped value.,,Input,Value to map.,,,,,,,,,,,,,,,,,,,,,,,,,,,,,,,,,,,,,,,,,,,,,,,,,,,,,,,,,,
marble,../NewPatch/Assets/Blocks\marble\marble.json,,,"[""Experimental""]",[],True,,,,,,,,,,,,,,,,,,,,,,,,,,,,,,,,,,,,,,,,,,,,,,,,,,,,,,,,,,,,,,,,,,,,,,,,,,,
marblerandomgate,../NewPatch/Assets/Blocks\marbleRandomGate\marbleRandomGate.json,,,"[""Motion/Marble Run""]",[],False,visuals,Gate redirecting marbles based on the propability,,knob,Propability,,,,,,,,,,,,,,,,,,,,,,,,,,,,,,,,,,,,,,,,,,,,,,,,,,,,,,,,,,,,,,,,,,,,,,
marbleslide,../NewPatch/Assets/Blocks\marbleSlide\marbleSlide.json,A slide that will guide marbles with realistic physics.,,"[""Motion/Marble Run""]",[],True,marbleSlide,,,Handle,,,,,,,,,,,,,,,,,,,,,,,,,,,,,,,,,,,,,,,,,,,,,,,,,,,,,,,,,,,,,,,,,,,,,,,
marbletube,../NewPatch/Assets/Blocks\marbleTube\marbleTube.json,A tube with a funnel that will catch and guide marbles.,,"[""Motion/Marble Run""]",[],True,marbleTube,,,Handle,,,,,,,,,,,,,,,,,,,,,,,,,,,,,,,,,,,,,,,,,,,,,,,,,,,,,,,,,,,,,,,,,,,,,,,
mask_panel,../NewPatch/Assets/Blocks\mask_panel\mask_panel.json,,,"[""Player""]",[],False,,,,,,,,,,,,,,,,,,,,,,,,,,,,,,,,,,,,,,,,,,,,,,,,,,,,,,,,,,,,,,,,,,,,,,,,,,,
material_brush,../NewPatch/Assets/Blocks\material_brush\material_brush.json,Let you easily apply materials to different blocks.,,"[""Visuals/Design""]",[],False,Edit material,,,Add new material,,,Select material,,,Select material,,,Change texture size,,,,,,,,,,,,,,,,,,,,,,,,,,,,,,,,,,,,,,,,,,,,,,,,,,,,,,,,,,,,,,
max,../NewPatch/Assets/Blocks\max\max.json,Returns the highest of the two (A and B) incoming stream values.,,"[""Audio/Operators""]","[""min""]",True,A,Value A,stream input,B,Value B,stream input,,,,,,,,,,,,,,,,,,,,,,,,,,,,,,,,,,,,,,,,,,,,,,,,,,,,,,,,,,,,,,,,,,,,,
metronome,../NewPatch/Assets/Blocks\metronome\metronome.json,Ticks off regular events at a specified interval.,,"[""Logic/Timing""]",[],True,s_IN," (INa) freq",,eR_set,Set phase,,Emitter,"Emits events, with each tick having a value of 1",,,,,,,,,,,,,,,,,,,,,,,,,,,,,,,,,,,,,,,,,,,,,,,,,,,,,,,,,,,,,,,,,,,
mic,../NewPatch/Assets/Blocks\mic\mic.json,Outputs microphone pitch (MIDI note number) and amplitude (0-1).,,"[""Interfaces/Special""]","[""microphone""]",True,Pitch,Emits the pitch of the audio coming into the microphone in the form of a MIDI note number.,jolt output,Amplitude,Emits the amplitude of the audio coming into the microphone in the form of the normalized level value (0-1).,jolt output,note,,,DB,,,Grab sphere VR,,,Grab sphere VR (1),,,,,,,,,,,,,,,,,,,,,,,,,,,,,,,,,,,,,,,,,,,,,,,,,,,,,,,,,,,
microphone,../NewPatch/Assets/Blocks\microphone\microphone.json,Outputs microphone audio signal as a stream.,,"[""Audio/Generators""]","[""mic""]",True,Grab sphere VR,,,,,,,,,,,,,,,,,,,,,,,,,,,,,,,,,,,,,,,,,,,,,,,,,,,,,,,,,,,,,,,,,,,,,,,,,,
midi_control_change,../NewPatch/Assets/Blocks\midi_control_change\midi_control_change.json,Midi layer between PatchWorld and DAWs.,,"[""Logic/Connectors""]",[],True,e_in_hot,,,s_IN,,,text_IN,,,,,,,,,,,,,,,,,,,,,,,,,,,,,,,,,,,,,,,,,,,,,,,,,,,,,,,,,,,,,,,,,,,,
midi_key,../NewPatch/Assets/Blocks\midi_key\midi_key.json,Midi layer between PatchWorld and DAWs.,,"[""Logic/Connectors""]",[],True,e_in_hot,,,s_IN,,,text_IN,,,,,,,,,,,,,,,,,,,,,,,,,,,,,,,,,,,,,,,,,,,,,,,,,,,,,,,,,,,,,,,,,,,,
midi_keys,../NewPatch/Assets/Blocks\midi_keys\midi_keys.json,Midi layer between PatchWorld and DAWs.,,"[""Logic/Connectors""]",[],True,e_in_hot,,,s_IN,,,text_IN,,,,,,,,,,,,,,,,,,,,,,,,,,,,,,,,,,,,,,,,,,,,,,,,,,,,,,,,,,,,,,,,,,,,
midi_to_freq,../NewPatch/Assets/Blocks\midi_to_freq\midi_to_freq.json,Converts MIDI note number (0-127) to correnspoding frequency (Hz). E.g. 69 is A5 (440Hz) and 60 is C4 (261.63Hz).,,"[""Audio/Converters""]","[""midi_to_freq_jolt""]",True,MIDI note,MIDI note value (0-127) to convert.,stream input,,,,,,,,,,,,,,,,,,,,,,,,,,,,,,,,,,,,,,,,,,,,,,,,,,,,,,,,,,,,,,,,,,,,,,,,
midi_to_freq_jolt,../NewPatch/Assets/Blocks\midi_to_freq_jolt\midi_to_freq_jolt.json,Converts MIDI note number (0-127) jolt to correnspoding frequency (Hz) jolt. E.g. 69 is A5 (440Hz) and 60 is C4 (261.63Hz).,,"[""Logic/Operators""]","[""midi_to_freq""]",True,MIDI note input,Receives a jolt with value of MIDI note to convert.,jolt input,Output,Emits jolt with calculated note frequency.,jolt output,,,,,,,,,,,,,,,,,,,,,,,,,,,,,,,,,,,,,,,,,,,,,,,,,,,,,,,,,,,,,,,,,,,,,
min,../NewPatch/Assets/Blocks\min\min.json,Returns the lowest of the two (A and B) incoming values.,,"[""Audio/Operators""]","[""max""]",True,A,Value A,stream input,B,Value B,stream input,,,,,,,,,,,,,,,,,,,,,,,,,,,,,,,,,,,,,,,,,,,,,,,,,,,,,,,,,,,,,,,,,,,,,
mixed_reality,../NewPatch/Assets/Blocks\mixed_reality\mixed_reality.json,"Enables Mixed Reality, you can see the real world around you with your room set up.",,"[""Sky""]",[],True,Grab,,,,,,,,,,,,,,,,,,,,,,,,,,,,,,,,,,,,,,,,,,,,,,,,,,,,,,,,,,,,,,,,,,,,,,,,,,
modulo,../NewPatch/Assets/Blocks\modulo\modulo.json,Returns the remainder after dividing stream A by stream B.,,"[""Audio/Operators""]","[""round"", ""floor"", ""divide"", ""modulo_jolt""]",True,A,Dividen value.,stream input,B,Divisor value.,stream input,,,,,,,,,,,,,,,,,,,,,,,,,,,,,,,,,,,,,,,,,,,,,,,,,,,,,,,,,,,,,,,,,,,,,
modulo_jolt,../NewPatch/Assets/Blocks\modulo_jolt\modulo_jolt.json,Returns the remainder after dividing jolt by stream input value.,,"[""Logic/Operators""]","[""floor_jolt"", ""divide_jolt"", ""modulo""]",True,Divisor,Sets the value by which the jolt will be divided (without triggering the output).,stream input,Calculate,"Receives value which will be divided by stream input value, triggers the calculation.",jolt input,Result,Emits calculated remainder value as jolt.,jolt output,toggle,,,,,,,,,,,,,,,,,,,,,,,,,,,,,,,,,,,,,,,,,,,,,,,,,,,,,,,,,,,,,,,,,
moveanalysis,../NewPatch/Assets/Blocks\MoveAnalysis\MoveAnalysis.json,Outputs values of selected movement efforts according to Laban movement analysis,Efforts calculations are based on the movement of the controllers and HMD. Features an auto scaling option (max never exceeds 1) that resets on patch reload. Can be used to extract higher level descriptors of the user's movements. Try searching for Laban movement analysis on YouTube to see movement examples for each effort.,"[""Interfaces/Move""]","[""controloutput"", ""controllerposition"", ""controllerrotation"", ""hapticcontrol""]",True,Weight effort,Can be interpreted as weight of the movement. Strong movement corresponds to higher values.,jolt output,Time effort,"Can be interpreted as timing of the movement. Quick, sudden movement corresponds to higher values.",jolt output,Space effort,Can be interpreted as directness of the movement. Indirect movement corresponds to higher values.,jolt output,Flow effort,Can be interpreted as smoothness of the movement. Chaotic movement corresponds to higher values.,jolt output,Left hand movement radius,Bigger radius of the left controller movement corresponds to higher values.,jolt output,Right hand movement radius,Bigger radius of the right controller movement corresponds to higher values.,jolt output,,,,,,,,,,,,,,,,,,,,,,,,,,,,,,,,,,,,,,,,,,,,,,,,,,,,,,,,,
msg_in,../NewPatch/Assets/Blocks\msg_in\msg_in.json,Receive an OSC message.,,"[""Logic/Connectors""]",[],True,e_out,,,text_IN,,,,,,,,,,,,,,,,,,,,,,,,,,,,,,,,,,,,,,,,,,,,,,,,,,,,,,,,,,,,,,,,,,,,,,,
msg_out,../NewPatch/Assets/Blocks\msg_out\msg_out.json,Send an OSC message.,,"[""Logic/Connectors""]",[],True,e_in_hot,,,s_IN,,,text_IN,,,,,,,,,,,,,,,,,,,,,,,,,,,,,,,,,,,,,,,,,,,,,,,,,,,,,,,,,,,,,,,,,,,,
multiply,../NewPatch/Assets/Blocks\multiply\multiply.json,Multiplies two numbers and outputs the result using a simple A * B math operation.,,"[""Audio/Operators""]","[""divide"", ""add"", ""subtract"", ""multiply_jolt""]",True,A,"The first value, multiplied with B.",stream input,B,"The second value, multiplied with A.",stream input,,,,,,,,,,,,,,,,,,,,,,,,,,,,,,,,,,,,,,,,,,,,,,,,,,,,,,,,,,,,,,,,,,,,,
multiply_jolt,../NewPatch/Assets/Blocks\multiply_jolt\multiply_jolt.json,Calculates multiplication of the jolt value with the stream value and outputs the result as jolt.,,"[""Logic/Operators""]","[""divide_jolt"", ""add_jolt"", ""subtract_jolt"", ""multiply""]",True,Multiplier,Sets the value with which the jolt input value will be multiplied (without triggering the output).,stream input,Output,Emits calculated value as jolt,jolt output,Input,"Receives value which will be multiplied with the stream value, triggers the calculation.",jolt input,,,,,,,,,,,,,,,,,,,,,,,,,,,,,,,,,,,,,,,,,,,,,,,,,,,,,,,,,,,,,,,,,,
m_add,../NewPatch/Assets/Blocks\m_add\m_add.json,,,[],[],True,s_IN,,,,,,,,,,,,,,,,,,,,,,,,,,,,,,,,,,,,,,,,,,,,,,,,,,,,,,,,,,,,,,,,,,,,,,,,,,
m_booster,../NewPatch/Assets/Blocks\m_booster\m_booster.json,,,"[""Deprecated""]",[],True,s_IN,,,,,,,,,,,,,,,,,,,,,,,,,,,,,,,,,,,,,,,,,,,,,,,,,,,,,,,,,,,,,,,,,,,,,,,,,,
m_compare,../NewPatch/Assets/Blocks\m_compare\m_compare.json,,,"[""Deprecated""]",[],True,s_IN,,,,,,,,,,,,,,,,,,,,,,,,,,,,,,,,,,,,,,,,,,,,,,,,,,,,,,,,,,,,,,,,,,,,,,,,,,
m_path,../NewPatch/Assets/Blocks\m_path\m_path.json,,,"[""Deprecated""]",[],True,EmitterV,,,emitter,,,emitterLenght,,,knobOrig,,,Collider,,,PathBodyExtendHandleHandelExtend_001,,,Grab,,,,,,,,,,,,,,,,,,,,,,,,,,,,,,,,,,,,,,,,,,,,,,,,,,,,,,,,
m_reader,../NewPatch/Assets/Blocks\m_reader\m_reader.json,,,"[""Deprecated""]",[],True,emitter,,,,,,,,,,,,,,,,,,,,,,,,,,,,,,,,,,,,,,,,,,,,,,,,,,,,,,,,,,,,,,,,,,,,,,,,,,
m_spawner,../NewPatch/Assets/Blocks\m_spawner\m_spawner.json,,,"[""Motion/Marble Run""]",[],True,ButonPivot,,,eR_triggerController,,,knob,,,,,,,,,,,,,,,,,,,,,,,,,,,,,,,,,,,,,,,,,,,,,,,,,,,,,,,,,,,,,,,,,,,,
m_switch,../NewPatch/Assets/Blocks\m_switch\m_switch.json,,,"[""Deprecated""]",[],True,s_IN,,,,,,,,,,,,,,,,,,,,,,,,,,,,,,,,,,,,,,,,,,,,,,,,,,,,,,,,,,,,,,,,,,,,,,,,,,
next_button,../NewPatch/Assets/Blocks\next_button\next_button.json,Press the button - triggers a jolt of any input stream value when activated.,,"[""Interfaces/Tap""]",[],True,Button,Button,,Emitter,Emits jolt of active value,,e_I,Jolt input,,,,,,,,,,,,,,,,,,,,,,,,,,,,,,,,,,,,,,,,,,,,,,,,,,,,,,,,,,,,,,,,,,,
nknob,../NewPatch/Assets/Blocks\nknob\nknob.json,A stream constant value.,,"[""Deprecated""]","[""knob"", ""custom_knob"", ""custom_knob2""]",True,knobBody,,,,,,,,,,,,,,,,,,,,,,,,,,,,,,,,,,,,,,,,,,,,,,,,,,,,,,,,,,,,,,,,,,,,,,,,,,
noise,../NewPatch/Assets/Blocks\noise\noise.json,Generates white noise - a signal with uniform energy across the frequency spectrum.,,"[""Audio/Generators""]","[""pink_noise""]",True,Change type,"Click to change type:
- White : Generates noise with all frequencies distributed evenly.
- Pink : Produces noise with a more balanced sound, with reduced high frequencies.",,,,,,,,,,,,,,,,,,,,,,,,,,,,,,,,,,,,,,,,,,,,,,,,,,,,,,,,,,,,,,,,,,,,,,,,,
nopales,../NewPatch/Assets/Blocks\nopales\nopales.json,,,"[""Props""]",[],False,,,,,,,,,,,,,,,,,,,,,,,,,,,,,,,,,,,,,,,,,,,,,,,,,,,,,,,,,,,,,,,,,,,,,,,,,,,
nth,../NewPatch/Assets/Blocks\nth\nth.json,Sends only one event every N events it receives.,,"[""Logic/Sequencing""]","[""rangedfor"", ""counter""]",True,N value,"Sets the value at which the counter will reset, start counting from zero again and trigger the output.",stream input,Input,Counter increment trigger. Each received jolt triggers the count to increase by one.,jolt input,Set,Sets current count value.,jolt input,Output,Emits a jolt every time the count has reached the N value.,jolt output,,,,,,,,,,,,,,,,,,,,,,,,,,,,,,,,,,,,,,,,,,,,,,,,,,,,,,,,,,,,,,,
ntor,../NewPatch/Assets/Blocks\ntor\ntor.json,Does (x + 1) * 0.5 * (B-A) + A so you can map {-1 to 1} values to {A to B} values.,,"[""Deprecated""]",[],True,s_IN_value,,,s_IN_1_min,,,s_IN_2_max,,,,,,,,,,,,,,,,,,,,,,,,,,,,,,,,,,,,,,,,,,,,,,,,,,,,,,,,,,,,,,,,,,,,
ntou,../NewPatch/Assets/Blocks\ntou\ntou.json,Does (x + 1) * 0.5 so you can map {-1 to 1} values to {0 to 1}.,,"[""Deprecated""]",[],True,s_IN,,,,,,,,,,,,,,,,,,,,,,,,,,,,,,,,,,,,,,,,,,,,,,,,,,,,,,,,,,,,,,,,,,,,,,,,,,
nudibranch,../NewPatch/Assets/Blocks\nudibranch\nudibranch.json,,,"[""Animals""]",[],False,,,,,,,,,,,,,,,,,,,,,,,,,,,,,,,,,,,,,,,,,,,,,,,,,,,,,,,,,,,,,,,,,,,,,,,,,,,
numpad,../NewPatch/Assets/Blocks\numpad\numpad.json,Let you enter a number with a numeric keypad.,,"[""Interfaces/Tap""]",[],False,Output,,,,,,,,,,,,,,,,,,,,,,,,,,,,,,,,,,,,,,,,,,,,,,,,,,,,,,,,,,,,,,,,,,,,,,,,,,
octopus,../NewPatch/Assets/Blocks\octopus\octopus.json,Lets you attach object together. Click and drag from octopus to the object.,,"[""Logic/Connectors""]",[],True,octopus,,,,,,,,,,,,,,,,,,,,,,,,,,,,,,,,,,,,,,,,,,,,,,,,,,,,,,,,,,,,,,,,,,,,,,,,,,
octopus_inv,../NewPatch/Assets/Blocks\octopus_inv\octopus_inv.json,,,"[""Deprecated""]",[],True,octopus_inv,,,btn_dbug,,,,,,,,,,,,,,,,,,,,,,,,,,,,,,,,,,,,,,,,,,,,,,,,,,,,,,,,,,,,,,,,,,,,,,,
onepole,../NewPatch/Assets/Blocks\onepole\onepole.json,6 dB/oct (one-pole) low-pass filter.,,"[""Audio/Filters""]","[""lowpass"", ""highpass"", ""ladder"", ""statevariable"", ""allpass2""]",True,Signal input,The input signal.,stream input,Cutoff frequency,Cutoff frequency of the filter (in Hz). Must not be less than one.,stream input,,,,,,,,,,,,,,,,,,,,,,,,,,,,,,,,,,,,,,,,,,,,,,,,,,,,,,,,,,,,,,,,,,,,,
operation,../NewPatch/Assets/Blocks\operation\operation.json,"All logical operations. Let you do all arithmetic operations, with the opportunity to select the operations with a dial.",,"[""Logic/Operators""]",[],True,Input B,,,Input A,,,Output,,,Arithmetic Operation,Click & drag controller to choose between different operations.,,Arithmetic Operation,Jolt input to change math operation at runtime.,,,,,,,,,,,,,,,,,,,,,,,,,,,,,,,,,,,,,,,,,,,,,,,,,,,,,,,,,,,,,
order,../NewPatch/Assets/Blocks\order\order.json,Send a jolt to multiple outputs in order.,"Used in patching that's sensitive to the order in which jolts are sent. E.g., when using the toggleboard, the row/column values should be set before the value is read or written.","[""Logic/Sequencing""]",[],False,Resize,Press trigger and pull to change the number of outputs.,interactible,Input,Send a jolt here to send it to all of the outputs.,jolt input,Output,Sends out a jolt every time a jolt is received through the input.,jolt output,,,,,,,,,,,,,,,,,,,,,,,,,,,,,,,,,,,,,,,,,,,,,,,,,,,,,,,,,,,,,,,,,,
oscillator,../NewPatch/Assets/Blocks\oscillator\oscillator.json,"An oscillator with four waveform modes: sinusoid, triangle, sawtooth & square. Frequency is set in Hz (cycles per second).",,"[""Audio/Generators""]",[],True,Reset phase,Sets the phase of the oscillator.,jolt input,Waveform,The waveform of the oscillator. [sine/triangle/sawtooth/square],interactive,Wave type,Sets the waveform of the oscillator. [sine/triangle/sawtooth/square],jolt input,Frequency (Hz),Sets the frequency of the oscillator (in Hertz).,stream input,Signal output,Oscillator output.,stream output,Phase offset,Sets the phase offset of the oscillator.,stream input,,,,,,,,,,,,,,,,,,,,,,,,,,,,,,,,,,,,,,,,,,,,,,,,,,,,,,,,,
output,../NewPatch/Assets/Blocks\output\output.json,"A simple speaker, sends sound signal from Patch to the currently active audio output.",,"[""Audio/Generators""]",[],True,input,Audio stream input.,,pan,Left/right pan.,,spatialness,Controls how much the output's position influences the output sound.,,,,,,,,,,,,,,,,,,,,,,,,,,,,,,,,,,,,,,,,,,,,,,,,,,,,,,,,,,,,,,,,,,,
outstate,../NewPatch/Assets/Blocks\outstate\outstate.json,Split optimized for feedback loops. (Deprecated: Use fork instead),,"[""Deprecated""]",[],True,s_IN,,,~OUT_feedback,,,`OUT_Set,,,,,,,,,,,,,,,,,,,,,,,,,,,,,,,,,,,,,,,,,,,,,,,,,,,,,,,,,,,,,,,,,,,,
pad,../NewPatch/Assets/Blocks\pad\pad.json,A pad you can hit; sends a trigger and the hit position on the pad.,,"[""Interfaces/Tap""]",[],True,pad,Pad,,eReciver_toggleColor,Jolt toggles color,,emiter_vel,Emits velocity value,,emiter_x,Emits x position of hit,,emiter_y,Emits y position of hit,,Hit_Resize,Hit resize,,,,,,,,,,,,,,,,,,,,,,,,,,,,,,,,,,,,,,,,,,,,,,,,,,,,,,,,,,
pan,../NewPatch/Assets/Blocks\pan\pan.json,,,"[""Deprecated""]",[],False,visuals,,,PitchHandle,,,k_sustain,,,sustainEventReceiver,,,brightnessEventReceiver,,,,,,,,,,,,,,,,,,,,,,,,,,,,,,,,,,,,,,,,,,,,,,,,,,,,,,,,,,,,,,
pan2,../NewPatch/Assets/Blocks\pan2\pan2.json,Pan making sound when struck.,,"[""Audio/Physical""]",[],False,,"Used both triggers of your controller on the pan, and stretch it to resize the pan, and change the sound.",,,,,,,,,,,,,,,,,,,,,,,,,,,,,,,,,,,,,,,,,,,,,,,,,,,,,,,,,,,,,,,,,,,,,,,,,
particles_sprite,../NewPatch/Assets/Blocks\particles_sprite\particles_sprite.json,,,"[""Visuals/Lights""]",[],True,Emission Freq,,,Emission Radius,,,Emission Random Dir,,,Color H,,,Color S,,,Color V,,,Particle Speed,,,Particle Size,,,Particle Lifetime,,,Noise intensity,,,Noise frequency,,,Image block,,,Size/Color affect current particles,Should Size/Color changes affect all current particles (ON) or only future generated particles. (OFF),,,,,,,,,,,,,,,,,,,,,,,,,,,,,,,,,,,,,
pass,../NewPatch/Assets/Blocks\pass\pass.json,Passes an event from a jolt input to jolt output without modification.,,[],[],True,Input,Jolt input to be emitted from output.,jolt input,Output,Emits the received jolt.,jolt output,,,,,,,,,,,,,,,,,,,,,,,,,,,,,,,,,,,,,,,,,,,,,,,,,,,,,,,,,,,,,,,,,,,,,
passthrough,../NewPatch/Assets/Blocks\passthrough\passthrough.json,"Enables passthrough, it displays headset's camera capture all around you for a mixed reality experience.",,"[""Sky""]",[],False,,,,,,,,,,,,,,,,,,,,,,,,,,,,,,,,,,,,,,,,,,,,,,,,,,,,,,,,,,,,,,,,,,,,,,,,,,,
pass_in,../NewPatch/Assets/Blocks\pass_in\pass_in.json,,,"[""Logic/Connectors""]",[],True,eR_hot,,,Emitter,,,,,,,,,,,,,,,,,,,,,,,,,,,,,,,,,,,,,,,,,,,,,,,,,,,,,,,,,,,,,,,,,,,,,,,
pass_out,../NewPatch/Assets/Blocks\pass_out\pass_out.json,,,"[""Logic/Connectors""]",[],True,eR_hot,,,Emitter,,,,,,,,,,,,,,,,,,,,,,,,,,,,,,,,,,,,,,,,,,,,,,,,,,,,,,,,,,,,,,,,,,,,,,,
patchworld,../NewPatch/Assets/Blocks\patchworld\patchworld.json,,,"[""Props""]",[],False,,,,,,,,,,,,,,,,,,,,,,,,,,,,,,,,,,,,,,,,,,,,,,,,,,,,,,,,,,,,,,,,,,,,,,,,,,,
patchxr,../NewPatch/Assets/Blocks\patchXR\patchxr.json,,,"[""Props""]",[],False,,,,,,,,,,,,,,,,,,,,,,,,,,,,,,,,,,,,,,,,,,,,,,,,,,,,,,,,,,,,,,,,,,,,,,,,,,,
patchxr_logo,../NewPatch/Assets/Blocks\PatchXR_Logo\patchxr_logo.json,,,"[""Props""]",[],False,,,,,,,,,,,,,,,,,,,,,,,,,,,,,,,,,,,,,,,,,,,,,,,,,,,,,,,,,,,,,,,,,,,,,,,,,,,
pencil,../NewPatch/Assets/Blocks\pencil\pencil.json,"Allow you to draw in space, using a color, width of the line and lifetime. Use joystick up/down to change thickness, left/right to change color from palette.",,"[""Visuals/Design""]",[],True,Drawing,,,Manual Draw,Tigger line drawing manually with jolt input.,,Thickness,Thickness of the line.,,,,,,,,,,,,,,,,,,,,,,,,,,,,,,,,,,,,,,,,,,,,,,,,,,,,,,,,,,,,,,,,,,,
peppermill,../NewPatch/Assets/Blocks\peppermill\peppermill.json,,,"[""Interfaces/Tweak""]",[],True,ValveRoot,,,ValveEventReciver,,,valveHandle,,,Grab sphere VR,,,,,,,,,,,,,,,,,,,,,,,,,,,,,,,,,,,,,,,,,,,,,,,,,,,,,,,,,,,,,,,,,
pink_noise,../NewPatch/Assets/Blocks\pink_noise\pink_noise.json,"Pink noise generator, outputting a signal with 1/f^a energy across the frequency spectrum.",,"[""Audio/Generators""]","[""noise""]",True,glass,,,,,,,,,,,,,,,,,,,,,,,,,,,,,,,,,,,,,,,,,,,,,,,,,,,,,,,,,,,,,,,,,,,,,,,,,,
piston,../NewPatch/Assets/Blocks\piston\piston.json,"Used to attach two blocks together and let you set the distance between the two (to make suspension, piston, spring etc)
- Place this joint inside a physical group.
- Connect the selector to a different group (or block).
Both group will be subject to the constraint.
Activate the different features from the Inspector.",,"[""Motion/Physics""]",[],False,Connected Block,"Connected block will become automatically physical if no ""Make Physical"" block is used. Can connect to only one block or group.",,Piston Size,Only affects visuals.,,,,,,,,,,,,,,,,,,,,,,,,,,,,,,,,,,,,,,,,,,,,,,,,,,,,,,,,,,,,,,,,,,,,,,
pitchshifter,../NewPatch/Assets/Blocks\pitchshifter\pitchshifter.json,Transpose sound in real time.,,"[""Audio/Effects""]",[],True,s_IN_0,,,s_IN_1,,,,,,,,,,,,,,,,,,,,,,,,,,,,,,,,,,,,,,,,,,,,,,,,,,,,,,,,,,,,,,,,,,,,,,,
planet,../NewPatch/Assets/Blocks\planet\planet.json,,,"[""Props""]",[],False,,,,,,,,,,,,,,,,,,,,,,,,,,,,,,,,,,,,,,,,,,,,,,,,,,,,,,,,,,,,,,,,,,,,,,,,,,,
plant_02,../NewPatch/Assets/Blocks\plant_02\plant_02.json,,,"[""Plants""]",[],False,,,,,,,,,,,,,,,,,,,,,,,,,,,,,,,,,,,,,,,,,,,,,,,,,,,,,,,,,,,,,,,,,,,,,,,,,,,
plant_03,../NewPatch/Assets/Blocks\plant_03\plant_03.json,,,"[""Plants""]",[],False,,,,,,,,,,,,,,,,,,,,,,,,,,,,,,,,,,,,,,,,,,,,,,,,,,,,,,,,,,,,,,,,,,,,,,,,,,,
plant_04,../NewPatch/Assets/Blocks\plant_04\plant_04.json,,,"[""Plants""]",[],False,,,,,,,,,,,,,,,,,,,,,,,,,,,,,,,,,,,,,,,,,,,,,,,,,,,,,,,,,,,,,,,,,,,,,,,,,,,
plant_05,../NewPatch/Assets/Blocks\plant_05\plant_05.json,,,"[""Plants""]",[],False,,,,,,,,,,,,,,,,,,,,,,,,,,,,,,,,,,,,,,,,,,,,,,,,,,,,,,,,,,,,,,,,,,,,,,,,,,,
plant_06,../NewPatch/Assets/Blocks\plant_06\plant_06.json,,,"[""Plants""]",[],False,,,,,,,,,,,,,,,,,,,,,,,,,,,,,,,,,,,,,,,,,,,,,,,,,,,,,,,,,,,,,,,,,,,,,,,,,,,
plate,../NewPatch/Assets/Blocks\plate\plate.json,"plate filter : input, freq, hammerX, hammerY, freqDedLoss, freqInDepLoss",,"[""Experimental""]",[],True,s_IN_0,,,s_IN_1,,,s_IN_2,,,s_IN_3,,,s_IN_4,,,s_IN_5,,,,,,,,,,,,,,,,,,,,,,,,,,,,,,,,,,,,,,,,,,,,,,,,,,,,,,,,,,,
play_button,../NewPatch/Assets/Blocks\play_button\play_button.json,Press the button - triggers a jolt input when activated.,,"[""Interfaces/Tap""]",[],True,Button,Button,,Emmiter,Emits jolt of active value,,e_I,Jolt input,,,,,,,,,,,,,,,,,,,,,,,,,,,,,,,,,,,,,,,,,,,,,,,,,,,,,,,,,,,,,,,,,,,
plot,../NewPatch/Assets/Blocks\plot\plot.json,,,[],[],True,s_IN,,,esReciver,,,,,,,,,,,,,,,,,,,,,,,,,,,,,,,,,,,,,,,,,,,,,,,,,,,,,,,,,,,,,,,,,,,,,,,
pluck,../NewPatch/Assets/Blocks\pluck\pluck.json,,,"[""Experimental""]",[],True,s_IN_0,,,s_IN_1,,,s_IN_2,,,,,,,,,,,,,,,,,,,,,,,,,,,,,,,,,,,,,,,,,,,,,,,,,,,,,,,,,,,,,,,,,,,,
position,../NewPatch/Assets/Blocks\position\position.json,"Outputs the position of itself (or group it's inside). Works either relative to the world origin or act as an odometer, tracking how the block moves.",,"[""Interfaces/Move""]",[],False,output_x,,,output_y,,,output_z,,,reset,,,,,,,,,,,,,,,,,,,,,,,,,,,,,,,,,,,,,,,,,,,,,,,,,,,,,,,,,,,,,,,,,
power,../NewPatch/Assets/Blocks\power\power.json,Calculates stream value A to the power of stream value B,,"[""Audio/Operators""]","[""log"", ""power_jolt""]",True,A,Base value A,stream input,B,Exponent value B,stream input,,,,,,,,,,,,,,,,,,,,,,,,,,,,,,,,,,,,,,,,,,,,,,,,,,,,,,,,,,,,,,,,,,,,,
powerblock_walls,../NewPatch/Assets/Blocks\powerblock_walls\powerblock_walls.json,,,[],[],False,resizer,,,,,,,,,,,,,,,,,,,,,,,,,,,,,,,,,,,,,,,,,,,,,,,,,,,,,,,,,,,,,,,,,,,,,,,,,,
power_jolt,../NewPatch/Assets/Blocks\power_jolt\power_jolt.json,Calculates jolt input to the power of stream input.,,"[""Logic/Operators""]","[""logarithm_jolt"", ""power""]",True,Exponent,Sets the exponent value (without triggering the output).,stream input,Calculate,"Receives value which will be raised to the power of stream input, triggers the calculation.",jolt input,toggle,Toggle,,Result,Emits calculated value as jolt.,jolt output,,,,,,,,,,,,,,,,,,,,,,,,,,,,,,,,,,,,,,,,,,,,,,,,,,,,,,,,,,,,,,,
preset_manager,../NewPatch/Assets/Blocks\preset_manager\preset_manager.json,Will save the state of every connected blocks. It can be triggered to switch between different presets.,,"[""System""]",[],False,Restore Values,Should it restore the state and values of elements when a preset is triggered ?,,Restore Position,Should it restore the position of elements when a preset is triggered ?,,Restore Connections,Should it restore the connections of elements when a preset is triggered ?,,Restore Visibility,Should it restore the visibility of elements when a preset is triggered ?,,Transition time,How long (in seconds) to reach the preset position when preset is triggered.,,Transition time,How long (in seconds) to reach the preset position when preset is triggered.,,Add/Remove preset,"Click, or drag me down to make new presets.",,Add blocks,Drag me to other blocks to add them to the preset.,,Preset Select,"Combined with the other jolt input, you can select a preset before sending an operation instruction (like activating the selected preset).",,Preset Operation,"Trigger operation on the selected preset (Preset Select input)
  0: Apply the preset to the subjects
  1: Write the preset (saved subject's states in the preset)
  2: Deleted the preset.",,,,,,,,,,,,,,,,,,,,,,,,,,,,,,,,,,,,,,,,,,,,,,
preset_manager_line,../NewPatch/Assets/Blocks\preset_manager_line\preset_manager_line.json,,,[],[],False,Remove the preset,,,text_IN,,,Triger preset,Apply preset to the subjects.,,Triger preset,Apply preset to the subjects.,,Save state,Save the state of blocks to preset.,,,,,,,,,,,,,,,,,,,,,,,,,,,,,,,,,,,,,,,,,,,,,,,,,,,,,,,,,,,,,
previous,../NewPatch/Assets/Blocks\previous\previous.json,Delays the incoming stream by a single sample.,,"[""Logic/Timing""]",[],True,Input,The stream to delay by a single sample.,stream input,,,,,,,,,,,,,,,,,,,,,,,,,,,,,,,,,,,,,,,,,,,,,,,,,,,,,,,,,,,,,,,,,,,,,,,,
procedural_line,../NewPatch/Assets/Blocks\procedural_line\procedural_line.json,"Let you draw custom a line's curvature/thickness/color given the line 0-1 progress. If used to display audio signal, use Stream Capture block to position inputs.",,"[""Visuals/Design""]",[],False,,,,,,,,,,,,,,,,,,,,,,,,,,,,,,,,,,,,,,,,,,,,,,,,,,,,,,,,,,,,,,,,,,,,,,,,,,,
prop_firstmask,../NewPatch/Assets/Blocks\prop_firstmask\prop_firstmask.json,,,"[""Props""]",[],True,VR Grab Handle Named,,,,,,,,,,,,,,,,,,,,,,,,,,,,,,,,,,,,,,,,,,,,,,,,,,,,,,,,,,,,,,,,,,,,,,,,,,
prop_highplatform,../NewPatch/Assets/Blocks\prop_highplatform\prop_highplatform.json,,,"[""Stages""]",[],True,VR Grab Handle Named,,,,,,,,,,,,,,,,,,,,,,,,,,,,,,,,,,,,,,,,,,,,,,,,,,,,,,,,,,,,,,,,,,,,,,,,,,
prop_neuron,../NewPatch/Assets/Blocks\prop_neuron\prop_neuron.json,,,"[""Props""]",[],True,VR Grab Handle Named,,,,,,,,,,,,,,,,,,,,,,,,,,,,,,,,,,,,,,,,,,,,,,,,,,,,,,,,,,,,,,,,,,,,,,,,,,
prop_neurons,../NewPatch/Assets/Blocks\prop_neurons\prop_neurons.json,,,"[""Unclassified""]",[],True,VR Grab Handle Named,,,,,,,,,,,,,,,,,,,,,,,,,,,,,,,,,,,,,,,,,,,,,,,,,,,,,,,,,,,,,,,,,,,,,,,,,,
prop_particles,../NewPatch/Assets/Blocks\prop_particles\prop_particles.json,,,"[""Visuals/Lights""]",[],True,VR Grab Handle Named,,,,,,,,,,,,,,,,,,,,,,,,,,,,,,,,,,,,,,,,,,,,,,,,,,,,,,,,,,,,,,,,,,,,,,,,,,
prop_platform,../NewPatch/Assets/Blocks\prop_platform\prop_platform.json,,,"[""Stages""]",[],True,VR Grab Handle Named,,,,,,,,,,,,,,,,,,,,,,,,,,,,,,,,,,,,,,,,,,,,,,,,,,,,,,,,,,,,,,,,,,,,,,,,,,
prop_swimmingpool,../NewPatch/Assets/Blocks\prop_swimmingpool\prop_swimmingpool.json,,,"[""Stages""]",[],True,VR Grab Handle Named,,,,,,,,,,,,,,,,,,,,,,,,,,,,,,,,,,,,,,,,,,,,,,,,,,,,,,,,,,,,,,,,,,,,,,,,,,
prop_underwaterparticles,../NewPatch/Assets/Blocks\prop_underwaterparticles\prop_underwaterparticles.json,,,"[""Props""]",[],True,VR Grab Handle Named,,,,,,,,,,,,,,,,,,,,,,,,,,,,,,,,,,,,,,,,,,,,,,,,,,,,,,,,,,,,,,,,,,,,,,,,,,
prop_wireframe,../NewPatch/Assets/Blocks\prop_wireframe\prop_wireframe.json,,,"[""Props""]",[],True,VR Grab Handle Named,,,,,,,,,,,,,,,,,,,,,,,,,,,,,,,,,,,,,,,,,,,,,,,,,,,,,,,,,,,,,,,,,,,,,,,,,,
pulse,../NewPatch/Assets/Blocks\pulse\pulse.json,Outputs a pulse with a duration set by the duration input. A pulse is a stream with a value of one for a specified period and zero elsewhere.,,"[""Audio/Generators""]",[],True,Duration,The duration of the pulse. The default value 0.00003 corresponds to one sample.,stream input,Trigger,Triggers the pulse.,interactive,,,,,,,,,,,,,,,,,,,,,,,,,,,,,,,,,,,,,,,,,,,,,,,,,,,,,,,,,,,,,,,,,,,,,
pumpkin,../NewPatch/Assets/Blocks\pumpkin\pumpkin.json,,,"[""Props""]",[],False,,,,,,,,,,,,,,,,,,,,,,,,,,,,,,,,,,,,,,,,,,,,,,,,,,,,,,,,,,,,,,,,,,,,,,,,,,,
pumpkinxr,../NewPatch/Assets/Blocks\pumpkinXR\pumpkinXR.json,,,"[""Props""]",[],False,,,,,,,,,,,,,,,,,,,,,,,,,,,,,,,,,,,,,,,,,,,,,,,,,,,,,,,,,,,,,,,,,,,,,,,,,,,
purchase,../NewPatch/Assets/Blocks\purchase\purchase.json,Allows to other users to send coins for you as tips or as pay for the content.,,"[""System""]",[],True,On purchasing,Signals when the purchasing is in process.,jolt output,On purchasing is finished,"Signals when the purchasing process is ended. -1 means cancelled purchase, while value 1 means successful operation.",jolt output,Set cost,Sets the price in coins.,jolt input,Make purchase,Starts the transaction.,jolt input,,,,,,,,,,,,,,,,,,,,,,,,,,,,,,,,,,,,,,,,,,,,,,,,,,,,,,,,,,,,,,,
rail,../NewPatch/Assets/Blocks\rail\rail.json,Attach other blocks to it use click and drag. Then changing its input value will translate them.,,"[""Motion/Positioning""]",[],True,length,,,position,,,octobody (1),,,,,,,,,,,,,,,,,,,,,,,,,,,,,,,,,,,,,,,,,,,,,,,,,,,,,,,,,,,,,,,,,,,,
random,../NewPatch/Assets/Blocks\random\random.json,Outputs a random decimal number between 0 and <b>Max</b>.,,"[""Logic/Operators""]","[""noise"", ""pink_noise"", ""bernoulli""]",True,Button,Triggers the output to emit a new random value.,interactive,Max random value,Sets random max value.,interactive,Calculate,Send a jolt value to this input to trigger this block to emit a new random value. The value of the jolt will determine the maximum value of the random number.,jolt input,Output,Emits random value.,jolt output,,,,,,,,,,,,,,,,,,,,,,,,,,,,,,,,,,,,,,,,,,,,,,,,,,,,,,,,,,,,,,,
rangedfor,../NewPatch/Assets/Blocks\rangedfor\rangedfor.json,"Instantly sends N events, from zero to N-1, when triggered.",,"[""Logic/Sequencing""]","[""nth""]",True,Set,Triggers the process of sending jolts from 0 to N-1 (where N is set by the received jolt value).,jolt input,Output,Emits jolts from zero to N-1.,jolt output,Knob,"Sets N, the number of jolt to output when triggered.",interactive,Button,Triggers the process of sending jolts from 0 to N-1 (where N is set by the knob).,interactive,,,,,,,,,,,,,,,,,,,,,,,,,,,,,,,,,,,,,,,,,,,,,,,,,,,,,,,,,,,,,,,
readout,../NewPatch/Assets/Blocks\readout\readout.json,"Display a number. Used for building interfaces, debugging and learning.",,"[""Logic/Connectors""]",[],True,Display,Shows the number set via the stream input,visual,Input,Send a stream or jolt to display it's value.,stream input,,,,,,,,,,,,,,,,,,,,,,,,,,,,,,,,,,,,,,,,,,,,,,,,,,,,,,,,,,,,,,,,,,,,,
ready_player_me,../NewPatch/Assets/Blocks\ready_player_me\ready_player_me.json,Panel to load a Ready Player Me avatar as your character.,,"[""Player""]",[],False,Ready Player Me panel,,,,,,,,,,,,,,,,,,,,,,,,,,,,,,,,,,,,,,,,,,,,,,,,,,,,,,,,,,,,,,,,,,,,,,,,,,
repeat_block,../NewPatch/Assets/Blocks\repeat_block\repeat_block.json,Repeat the selected block's visual multiple times with an offset.,"Accumulates a given rotation/offset/resizing to each copies using ""From"" and ""To"" gizmo. Repeat block can also repeat another repeat block by selecting the ""From"" gizmo. Resize the ""To"" gizmo to resize copies.","[""Visuals/Design""]",[],False,To gizmo,,,Move control panel,,,Number of copies,,,Mirror X,,,Mirror X,,,Mirror Y,,,Mirror Y,,,Mirror Z,,,Mirror Z,,,Offset Factor,Changes the distance between copies.,,Chain Stiffness,0 to 1 value. Makes the tip of the chain more delayed or stiff.,,Select block to copy,Click and drag to another block.,,From gizmo,,,,,,,,,,,,,,,,,,,,,,,,,,,,,,,,,,,,,,
reset_button,../NewPatch/Assets/Blocks\reset_button\reset_button.json,Press the button - triggers a jolt input when activated.,,"[""Interfaces/Tap""]",[],True,Button,Button,,Emitter,Emits jolt of active value,,e_I,Jolt input,,,,,,,,,,,,,,,,,,,,,,,,,,,,,,,,,,,,,,,,,,,,,,,,,,,,,,,,,,,,,,,,,,,
reverb,../NewPatch/Assets/Blocks\reverb\reverb.json,Adds spaciousness and depth to your sound with two distinct reverb types: a clean digital hall and a vintage spring tank,,"[""Audio/Effects""]","[""reverb_tank"", ""delay""]",True,input,The stream to apply reverb to.,stream input,Decay time,Controls how long it takes for the sound to die out (in seconds),stream input,Absorption,Controls the decay time of the reverbs high frequencies. (0-1),stream input,Mix,Controls the balance between the original dry signal and the wet reverb effect,stream input,Knob,,,Type Dial,Switches between two reverb algorithms: FDN (clean digital) and Tank (vintage spring),,Output,,,,,,,,,,,,,,,,,,,,,,,,,,,,,,,,,,,,,,,,,,,,,,,,,,,,,,,,
reverb_tank,../NewPatch/Assets/Blocks\reverb_tank\reverb_tank.json,Applies reverb to the incoming signal.,,"[""Audio/Effects""]","[""reverb"", ""delay""]",True,Signal input,The stream to apply reverb to.,stream input,decay_time,Controls how long it takes for the sound to die out (in seconds).,stream input,Absorption,Controls the decay time of the reverbs high frequencies. (0-1),stream input,Mix,Controls the dry/wet mix of the output.,stream input,,,,,,,,,,,,,,,,,,,,,,,,,,,,,,,,,,,,,,,,,,,,,,,,,,,,,,,,,,,,,,,
rhythm,../NewPatch/Assets/Blocks\rhythm\rhythm.json,"Outputs events at musical intervals. The master ""Beat Time"" is used as the default clock, unless something is attached to the clock stream input. Also outputs a normalized stream value indicating how far along we are in the period.",,"[""Logic/Timing""]",[],True,offset,How many beats the output event is offset in time compared to the input clock.,knob,period,How many subdivisions there are pr. period. E.g. a value of 3 will cause an event to fire every third subdivision.,knob,subdivision,How many times to divide the beat when counting a period. E.g. a value of 2 will count two times every beat.,knob,clock,"Usually an increasing counter, counting the beats that determine when the period_begin should fire.",stream input,period_begin,Emits an event whenever a new period starts.,event output,Sphere,,,Global Tempo,Changes the global tempo.,,,,,,,,,,,,,,,,,,,,,,,,,,,,,,,,,,,,,,,,,,,,,,,,,,,,,,,
rms,../NewPatch/Assets/Blocks\rms\rms.json,Calculates the root mean square of the incoming signal over a period of time. For example can be used to make an envelope follower.,,"[""Deprecated""]",[],True,Signal input,Signal for which the root mean square will be calculated.,stream input,Window size,Size of the analysis window (in seconds).,stream input,,,,,,,,,,,,,,,,,,,,,,,,,,,,,,,,,,,,,,,,,,,,,,,,,,,,,,,,,,,,,,,,,,,,,
robopus,../NewPatch/Assets/Blocks\robopus\robopus.json,,,[],[],False,,,,,,,,,,,,,,,,,,,,,,,,,,,,,,,,,,,,,,,,,,,,,,,,,,,,,,,,,,,,,,,,,,,,,,,,,,,
rock_01,../NewPatch/Assets/Blocks\rock_01\rock_01.json,,,"[""Props""]",[],False,,,,,,,,,,,,,,,,,,,,,,,,,,,,,,,,,,,,,,,,,,,,,,,,,,,,,,,,,,,,,,,,,,,,,,,,,,,
rock_02,../NewPatch/Assets/Blocks\rock_02\rock_02.json,,,"[""Props""]",[],False,,,,,,,,,,,,,,,,,,,,,,,,,,,,,,,,,,,,,,,,,,,,,,,,,,,,,,,,,,,,,,,,,,,,,,,,,,,
roomslist,../NewPatch/Assets/Blocks\roomslist\roomslist.json,,,"[""Player""]",[],False,,,,,,,,,,,,,,,,,,,,,,,,,,,,,,,,,,,,,,,,,,,,,,,,,,,,,,,,,,,,,,,,,,,,,,,,,,,
rotor,../NewPatch/Assets/Blocks\rotor\rotor.json,Attach other blocks to it use click and drag. Then changing its input value will rotate them.,,"[""Motion/Positioning""]",[],True,rotation,,,grabber,,,,,,,,,,,,,,,,,,,,,,,,,,,,,,,,,,,,,,,,,,,,,,,,,,,,,,,,,,,,,,,,,,,,,,,
round,../NewPatch/Assets/Blocks\round\round.json,Rounds incoming number with decimal value to the nearest whole number.,,"[""Audio/Converters""]","[""floor"", ""modulo""]",True,s_IN_0," a",,Input,The number that will be rounded to the nearest whole number.,stream input,,,,,,,,,,,,,,,,,,,,,,,,,,,,,,,,,,,,,,,,,,,,,,,,,,,,,,,,,,,,,,,,,,,,,
rton,../NewPatch/Assets/Blocks\rton\rton.json,Maps our input from {a to b} to {-1 to 1},,"[""Deprecated""]",[],True,s_IN_0_value,,,s_IN_1_min,,,s_IN_1_max,,,,,,,,,,,,,,,,,,,,,,,,,,,,,,,,,,,,,,,,,,,,,,,,,,,,,,,,,,,,,,,,,,,,
rtou,../NewPatch/Assets/Blocks\rtou\rtou.json,Maps an input from range {A to B} to unit range {0 to 1},,"[""Deprecated""]","[""utor"", ""map"", ""clamp""]",True,Input,Value to be mapped.,stream input,A,Input range lower value.,stream input,B,Input range upper value.,stream input,,,,,,,,,,,,,,,,,,,,,,,,,,,,,,,,,,,,,,,,,,,,,,,,,,,,,,,,,,,,,,,,,,
ruler,../NewPatch/Assets/Blocks\ruler\ruler.json,2D Grid to help align blocks you spawn.,Inspect it for more options.,"[""Visuals/Design""]",[],False,Grab,,,,,,,,,,,,,,,,,,,,,,,,,,,,,,,,,,,,,,,,,,,,,,,,,,,,,,,,,,,,,,,,,,,,,,,,,,
saber,../NewPatch/Assets/Blocks\saber\saber.json,,,"[""Interfaces/Special""]",[],False,IsHoldingSaber,,,Length,,,MoveSpeed,,,RotationSpeed,,,TriggerPressValue,,,SaberObject,,,PULL_extend,,,audio_input,,,Haptic_input,,,BladeLength,,,color,,,,,,,,,,,,,,,,,,,,,,,,,,,,,,,,,,,,,,,,,,,,
sample,../NewPatch/Assets/Blocks\sample\sample.json,,,[],[],True,Grab_interactiveBase,,,Hit_interactiveBase,,,,,,,,,,,,,,,,,,,,,,,,,,,,,,,,,,,,,,,,,,,,,,,,,,,,,,,,,,,,,,,,,,,,,,,
sample_and_hold,../NewPatch/Assets/Blocks\sample_and_hold\sample_and_hold.json,Stores the value of a signal when a clock or event is received.,,"[""Audio/Generators""]",[],True,Clock input,Each time when this values goes high the input signal value will be held.,stream input,Signal input,Signal to be sampled.,stream input,sample,Sample,,,,,,,,,,,,,,,,,,,,,,,,,,,,,,,,,,,,,,,,,,,,,,,,,,,,,,,,,,,,,,,,,,,
sample_hit_detector,../NewPatch/Assets/Blocks\sample_hit_detector\sample_hit_detector.json,,,[],[],False,sample_hit_detected,,,new_sample_hit_detected,,,,,,,,,,,,,,,,,,,,,,,,,,,,,,,,,,,,,,,,,,,,,,,,,,,,,,,,,,,,,,,,,,,,,,,
sample_info,../NewPatch/Assets/Blocks\sample_info\sample_info.json,,,"[""Experimental""]",[],True,trigger,,,GRAB (1),,,sample_duration,,,num_beats,,,,,,,,,,,,,,,,,,,,,,,,,,,,,,,,,,,,,,,,,,,,,,,,,,,,,,,,,,,,,,,,,
sample_player,../NewPatch/Assets/Blocks\sample_player\sample_player.json,,,[],[],True,cursor,,,buffer_index,,,GRAB (1),,,end_of_sample,,,num_beats,,,,,,,,,,,,,,,,,,,,,,,,,,,,,,,,,,,,,,,,,,,,,,,,,,,,,,,,,,,,,,
sample_player_cut,../NewPatch/Assets/Blocks\sample_player_cut\sample_player_cut.json,,,[],[],True,speed,,,buffer_index,,,GRAB (1),,,play,,,end_of_sample,,,start_position,,,duration,,,,,,,,,,,,,,,,,,,,,,,,,,,,,,,,,,,,,,,,,,,,,,,,,,,,,,,,
sample_recorder,../NewPatch/Assets/Blocks\sample_recorder\sample_recorder.json,,,[],[],True,input,,,cursor,,,Record_command,,,,,,,,,,,,,,,,,,,,,,,,,,,,,,,,,,,,,,,,,,,,,,,,,,,,,,,,,,,,,,,,,,,,
saturator,../NewPatch/Assets/Blocks\saturator\saturator.json,Applies a simple tanh distortion/saturation to the incoming signal.,,"[""Experimental""]",[],True,s_IN,,,body,,,,,,,,,,,,,,,,,,,,,,,,,,,,,,,,,,,,,,,,,,,,,,,,,,,,,,,,,,,,,,,,,,,,,,,
scene_watcher,../NewPatch/Assets/Blocks\scene_watcher\scene_watcher.json,"Ouputs marble's hits on the mixed reality walls, ceiling or floor. You can also change the bounciness.","Ouputs marble's hits on the mixed reality walls, ceiling or floor. You can also change the bounciness.","[""Motion/Marble Run""]",[],False,XJoltOutput,,,YJoltOutput,,,VelocityJoltOutput,,,IsFloorJoltOutput,,,IsCeilingJoltOutput,,,WallIndexJoltOutput,,,WindowsIndexJoltOutput,,,DoorsIndexJoltOutput,,,DeskIndexJoltOutput,,,OthersSideJoltOutput,,,OtherIndexJoltOutput,,,GrabArea,,,knob,,,,,,,,,,,,,,,,,,,,,,,,,,,,,,,,,,,,,,
scifi_nopales_floor,../NewPatch/Assets/Blocks\scifi_nopales_floor\scifi_nopales_floor.json,,,"[""Stages""]",[],False,,,,,,,,,,,,,,,,,,,,,,,,,,,,,,,,,,,,,,,,,,,,,,,,,,,,,,,,,,,,,,,,,,,,,,,,,,,
scope,../NewPatch/Assets/Blocks\scope\scope.json,Displays signal data.,,"[""Audio/Effects""]",[],True,s_IN_0,,,s_IN_1_inWindow,,,toggle,,,,,,,,,,,,,,,,,,,,,,,,,,,,,,,,,,,,,,,,,,,,,,,,,,,,,,,,,,,,,,,,,,,,
selectionpass,../NewPatch/Assets/Blocks\selectionpass\selectionpass.json,,,"[""Logic/Connectors""]",[],False,,,,,,,,,,,,,,,,,,,,,,,,,,,,,,,,,,,,,,,,,,,,,,,,,,,,,,,,,,,,,,,,,,,,,,,,,,,
sequence,../NewPatch/Assets/Blocks\sequence\sequence.json,Routes an incoming jolt to one of many outputs.,,"[""Logic/Conditional""]","[""sequence_loop"", ""sequence_random""]",True,Select output,Selects to which output the incoming jolt will be routed to.,stream input,Pull,Pull to set the number of output gates.,interactive,Input,Receives the jolt which will be routed to the selected output.,jolt input,Output,Emits the routed jolt value. One of the possible outputs the input may be routed to.,jolt output,,,,,,,,,,,,,,,,,,,,,,,,,,,,,,,,,,,,,,,,,,,,,,,,,,,,,,,,,,,,,,,
sequencer,../NewPatch/Assets/Blocks\sequencer\sequencer.json,Allow you to sequencer your ghosts.,,"[""Experimental""]",[],False,,,,Duration,Duration of the clip.,,Position,When does the clip start?,,Trim,Allows you to select only a part of the clip.,,Loop setting,How many times the clip should loop?,,,,,,,,,,,,,,,,,,,,,,,,,,,,,,,,,,,,,,,,,,,,,,,,,,,,,,,,,,,,,
sequence_loop,../NewPatch/Assets/Blocks\sequence_loop\sequence_loop.json,Routes an incoming jolt to one of many outputs in a looping manner.,,"[""Logic/Conditional""]","[""sequence"", ""sequence_random""]",True,Input,Receives the jolt which will be routed to the currently selected output and proceed to the next output.,jolt input,Pull,Pull to set the number of output gates.,interactive,Select output,Select which output should be used next time an input is received.,jolt input,Output,Emits the routed jolt value. One of the possible outputs the input may be routed to.,jolt output,,,,,,,,,,,,,,,,,,,,,,,,,,,,,,,,,,,,,,,,,,,,,,,,,,,,,,,,,,,,,,,
sequence_random,../NewPatch/Assets/Blocks\sequence_random\sequence_random.json,Routes an incoming jolt to a random output.,,"[""Logic/Conditional""]","[""sequence"", ""bernoulli""]",True,Input,Receives the jolt which will be routed to one of the outputs at random.,jolt input,Pull,Pull to set the number of output gates.,interactive,Output,Emits the routed jolt value. One of the possible outputs the input may be routed to.,jolt output,,,,,,,,,,,,,,,,,,,,,,,,,,,,,,,,,,,,,,,,,,,,,,,,,,,,,,,,,,,,,,,,,,
set_active,../NewPatch/Assets/Blocks\set_active\set_active.json,Similar to set visible.,,"[""System""]",[],False,Set Active,,,Target blocks,Click & drag to select,,,,,,,,,,,,,,,,,,,,,,,,,,,,,,,,,,,,,,,,,,,,,,,,,,,,,,,,,,,,,,,,,,,,,,
set_animation,../NewPatch/Assets/Blocks\set_animation\set_animation.json,"Play animation from a 3D model. You can control playback time, weight, layer.","When a group of different 3D models is selected, it can control them all at once.
Animations can be set to Additive mode in inspector, to play over other animations.","[""Visuals/Media""]",[],False,Previous,Browse through all animations.,,Next,Browse through all animations.,,Weight 0-1,How much the animation is visible.,,Layer,"When two animation are playing, layer determines which has the priority. (positive whole number)",,Playback Time,"Use to control animation progress. Expected value is from 0 to 1.
In Inspector you can change it use progress time in seconds to instead, to ensure playing at original speed.",,Select 3D Model,"Select a 3D Model with animations, or a group containing multiple 3D Models.",,,,,,,,,,,,,,,,,,,,,,,,,,,,,,,,,,,,,,,,,,,,,,,,,,,,,,,,,,
set_blendshape,../NewPatch/Assets/Blocks\set_blendshape\set_blendshape.json,Animate 3D models with blendshapes.,"- Click and drag selector to the 3D model
- Choose a blendshape using previous and next button
- Adjust the value to animate the blend shape.","[""Visuals/Media""]",[],False,Previous shape,,,Next shape,,,Blendshape Value,,,Blendshape Value,,,Click and drag to a 3D model,,,,,,,,,,,,,,,,,,,,,,,,,,,,,,,,,,,,,,,,,,,,,,,,,,,,,,,,,,,,,,
set_dsp_enabled,../NewPatch/Assets/Blocks\set_dsp_enabled\set_dsp_enabled.json,Enable or disable audio processing for selected blocks.,,"[""System""]",[],True,Selector,Selects which blocks/groups to enable or disable.,selector,DSP Enable,"Send a 1 to enable DSP processing, 0 to disable.",jolt input,,,,,,,,,,,,,,,,,,,,,,,,,,,,,,,,,,,,,,,,,,,,,,,,,,,,,,,,,,,,,,,,,,,,,
set_hittable,../NewPatch/Assets/Blocks\set_hittable\set_hittable.json,Add the ability to be hit to any block. Outputs hit velocity.,,"[""Motion/Physics""]",[],False,Blocks to make hittable,Click and drag to a block to make it hittable.,,Minimum velocity,Minimum velocity for the outputs to be triggered.,,Collided with,Output previous block which subject collided with.,,Hit velocity,Ouputs speed when a collision occurs.,,Enable Collision,Used to toggle collision (jolt output is still triggered when a block goes through),,Enable Collision,Used to toggle collision with a value above 0.5. (jolt output is still triggered when a block goes through),,,,,,,,,,,,,,,,,,,,,,,,,,,,,,,,,,,,,,,,,,,,,,,,,,,,,,,,,,
set_interactive,../NewPatch/Assets/Blocks\set_interactive\set_interactive.json,,,"[""System""]",[],False,Set Interactive,(send a jolt < 0.5 to disable interactivity),,Target Blocks,Click & drag to select,,,,,,,,,,,,,,,,,,,,,,,,,,,,,,,,,,,,,,,,,,,,,,,,,,,,,,,,,,,,,,,,,,,,,,
set_material,../NewPatch/Assets/Blocks\set_material\set_material.json,"Let you change the texture and materials to other block.
Drag and drop from the ball to another block to change its look.","You can also select which mesh inside the block is affected, change colors, use snapshot block to make new textures...","[""Visuals/Design""]",[],False,Previous,Previous material in library (will cancel your changes),,Next,Next material in library (will cancel your changes),,SelectionShader,,,Block Select,Drag and drop to any block to change its material.,,Mesh Select,Toggle which meshes of the block will be affected.,,Close,"Material we still remain hidden, can be displayed again using the Material Brush.",,Spawn Brush,Spawn a brush to apply your material to objects.,,,,,,,,,,,,,,,,,,,,,,,,,,,,,,,,,,,,,,,,,,,,,,,,,,,,,,,
set_visible,../NewPatch/Assets/Blocks\set_visible\set_visible.json,,,"[""System""]",[],False,Set Visibility State,(> 0.5 is visible),,Target blocks,Blocks to switch visible/invisible (click & drag to select),,,,,,,,,,,,,,,,,,,,,,,,,,,,,,,,,,,,,,,,,,,,,,,,,,,,,,,,,,,,,,,,,,,,,,
shape,../NewPatch/Assets/Blocks\shape\shape.json,Set of different shapes. You can change them using the inspector.,,"[""Visuals/Design""]",[],False,,,,,,,,,,,,,,,,,,,,,,,,,,,,,,,,,,,,,,,,,,,,,,,,,,,,,,,,,,,,,,,,,,,,,,,,,,,
sign,../NewPatch/Assets/Blocks\sign\sign.json,"Sign of incoming value: 1 if positive, -1 if negative.",,"[""Audio/Converters""]","[""compare""]",True,s_IN_0," a",,Input,Value for which the sign will be determined.,stream input,,,,,,,,,,,,,,,,,,,,,,,,,,,,,,,,,,,,,,,,,,,,,,,,,,,,,,,,,,,,,,,,,,,,,
sin,../NewPatch/Assets/Blocks\sin\sin.json,Calculates sine value of A,,"[""Audio/Converters""]","[""cos""]",True,s_IN_0, a,,A,Value for which the sine will be calculated.,stream input,,,,,,,,,,,,,,,,,,,,,,,,,,,,,,,,,,,,,,,,,,,,,,,,,,,,,,,,,,,,,,,,,,,,,
skip_button,../NewPatch/Assets/Blocks\skip_button\skip_button.json,Press the button - triggers a jolt input when activated.,,"[""Interfaces/Tap""]",[],True,Button,Button,,Emitter,Emits jolt of active value,,e_I,Jolt input,,,,,,,,,,,,,,,,,,,,,,,,,,,,,,,,,,,,,,,,,,,,,,,,,,,,,,,,,,,,,,,,,,,
slider,../NewPatch/Assets/Blocks\slider\slider.json,You can change the value with your controller. Goes from 0 to 1.,,"[""Interfaces/Tweak""]",[],True,Grab sphere VR,,,eR_set,,,PULL_extend,,,PULL_fader,,,,,,,,,,,,,,,,,,,,,,,,,,,,,,,,,,,,,,,,,,,,,,,,,,,,,,,,,,,,,,,,,
sliderboard,../NewPatch/Assets/Blocks\sliderboard\sliderboard.json,Editable array of silders.,,"[""Logic/Sequencing""]",[],True,btn_dbug,,,ResizeHandle,,,OUT,,,WRITE,,,s_IN_0_rows,,,s_IN_1_columns,,,Grab sphere VR,,,eR_set,,,PULL_extend,,,PULL_fader,,,,,,,,,,,,,,,,,,,,,,,,,,,,,,,,,,,,,,,,,,,,,,,
slider_3d,../NewPatch/Assets/Blocks\slider_3d\slider_3d.json,"A three-dimensional slider with x, y, and z outputs.",,"[""Interfaces/Tweak""]",[],True,hide_show,Send a value of one to show the ball or zero to hide it.,jolt input,extend_x,Pull to extend the x-axis.,interactive,extend_y,Pull to extend the x-axis.,interactive,extend_z,Pull to extend the z-axis.,interactive,ball,The ball whose position determines the output values.,interactive,output_x,Outputs the x position of the ball.,stream output,output_y,Outputs the y position of the ball.,stream output,output_z,Outputs the z position of the ball.,stream output,,,,,,,,,,,,,,,,,,,,,,,,,,,,,,,,,,,,,,,,,,,,,,,,,,,
slider_3d_jolt,../NewPatch/Assets/Blocks\slider_3d_jolt\slider_3d_jolt.json,A slider with three axes that lets you control three values at onces.,Has three resizable axes. Sends out a jolt per axis and has jolt inputs to set the value along each axis individually.,"[""Interfaces/Tweak""]",[],True,Resize,Drag to resize,Interactive,Value,Drag to change the output value,Interactive,Output X,Sends out the value of the X axis.,jolt output,Output Y,Sends out the value of the Y axis.,jolt output,Output Z,Sends out the value of the Z axis.,jolt output,Input X,Send a jolt between zero and one to set the value along the X axis.,Jolt input,Input Y,Send a jolt between zero and one to set the value along the Y axis.,Jolt input,Input Z,Send a jolt between zero and one to set the value along the Z axis.,Jolt input,,,,,,,,,,,,,,,,,,,,,,,,,,,,,,,,,,,,,,,,,,,,,,,,,,,
slider_db,../NewPatch/Assets/Blocks\slider_db\slider_db.json,,,"[""Interfaces/Tweak""]",[],True,Grab sphere VR,,,eR_set,,,PULL_extend,,,PULL_fader,,,,,,,,,,,,,,,,,,,,,,,,,,,,,,,,,,,,,,,,,,,,,,,,,,,,,,,,,,,,,,,,,
slider_jolt,../NewPatch/Assets/Blocks\slider_jolt\slider_jolt.json,A liner slider that can be used to control all sorts of stuff.,"A resizable linear slider that by default sends out values between zero and one. The min, max and midpoint values can be changed via the inspector.","[""Interfaces/Tweak""]",[],False,Resize,Drag to change length.,Interactive,Value,Drag to change the value of the slider.,Interactive,input,Send a jolt (normally between zero and one) to set the value of the slider.,Jolt input,output,Sends out the value of the slider.,Jolt output,,,,,,,,,,,,,,,,,,,,,,,,,,,,,,,,,,,,,,,,,,,,,,,,,,,,,,,,,,,,,,,
snapshot,../NewPatch/Assets/Blocks\snapshot\snapshot.json,"Can be used to make 2D or 360 images, to display in the game.","Connected to image blocks, it can render live video or image for visual or use as texture.","[""Visuals/Media""]",[],False,grab,,,InteractiveSelector,"Connect this image block, to display what the snapshot sees.",,Render,Render to connected image blocks.,,Save,"Render, save the image in your library, and create an image block with your image.",,Field of view,Field of view in degrees.,,Projection mode,"0: Classic, 1: 360, 2:Orthographic",,,,,,,,,,,,,,,,,,,,,,,,,,,,,,,,,,,,,,,,,,,,,,,,,,,,,,,,,,
snapshotsmanager,../NewPatch/Assets/Blocks\snapshotsmanager\snapshotsmanager.json,Record different state of the world.,,"[""System""]",[],False,,,,,,,,,,,,,,,,,,,,,,,,,,,,,,,,,,,,,,,,,,,,,,,,,,,,,,,,,,,,,,,,,,,,,,,,,,,
spacer,../NewPatch/Assets/Blocks\spacer\spacer.json,Connect to streams away from each other.,,"[""Logic/Connectors""]",[],True,arm_handle,,,s_IN,Stream input,,,,,,,,,,,,,,,,,,,,,,,,,,,,,,,,,,,,,,,,,,,,,,,,,,,,,,,,,,,,,,,,,,,,,,
speaker,../NewPatch/Assets/Blocks\speaker\speaker.json,This is your sound source. Speakers translate the values of what you are building into audio.,,"[""Deprecated""]",[],True,s_IN,,,,,,,,,,,,,,,,,,,,,,,,,,,,,,,,,,,,,,,,,,,,,,,,,,,,,,,,,,,,,,,,,,,,,,,,,,
speakerControllers,../NewPatch/Assets/Blocks\speakerControllers\speakerControllers.json,,,[],[],False,input,,,pan,,,spatialness,,,,,,,,,,,,,,,,,,,,,,,,,,,,,,,,,,,,,,,,,,,,,,,,,,,,,,,,,,,,,,,,,,,,
speaker_2D,../NewPatch/Assets/Blocks\speaker_2D\speaker_2D.json,A non-spatialised sound source outputting directly to your physical speakers or headphones. Speakers translate the values of what you are building into audio. Use the second input to control panning (-1 to 1).,,[],[],True,s_IN," Audio input",,s_IN_pan, Left/Right pan (-1 to 1),,,,,,,,,,,,,,,,,,,,,,,,,,,,,,,,,,,,,,,,,,,,,,,,,,,,,,,,,,,,,,,,,,,,,,
spectrum_capture,../NewPatch/Assets/Blocks\spectrum_capture\spectrum_capture.json,Does fft (spectrum) analysis of the incoming signal and let's you read it out via a cursor input.,,"[""Audio/Converters""]",[],False,Output,stream output,Outputs the spectrum magnitude value at the given read cursor input.,Input,The signal you wish to analyze.,stream input,Read cursor,"Expects a clock going from zero to one, used for reading out the spectrum.",stream input,,,,,,,,,,,,,,,,,,,,,,,,,,,,,,,,,,,,,,,,,,,,,,,,,,,,,,,,,,,,,,,,,,
speed,../NewPatch/Assets/Blocks\speed\speed.json,"Outputs the speed and acceleration. Use inside groups to make e.g. shakers, and other instruments that react to movement.",,"[""Interfaces/Move""]",[],False,Speed X axis,,,Acceleration X axis,,,Speed,Speed in meter per second.,,Acceleration,,,Speed Y axis,,,Acceleration Y axis,,,Speed Z axis,,,Acceleration Z axis,,,,,,,,,,,,,,,,,,,,,,,,,,,,,,,,,,,,,,,,,,,,,,,,,,,,,
split,../NewPatch/Assets/Blocks\split\split.json,"Splitter, transmits one input stream as two identical stream outputs (A and B) - like a thru box or splitter box.",,"[""Deprecated""]","[""extension"", ""fork""]",True,BODY,,,Input,Stream input to be passed to both (A and B) outputs unchanged.,stream input,Output A,First stream output.,stream output,Output B,Second stream output.,stream output,,,,,,,,,,,,,,,,,,,,,,,,,,,,,,,,,,,,,,,,,,,,,,,,,,,,,,,,,,,,,,,
spotlight,../NewPatch/Assets/Blocks\spotlight\spotlight.json,HSV-colored spot light.,,[],[],True,hue,,,saturation,,,value,,,Angle,,,,,,,,,,,,,,,,,,,,,,,,,,,,,,,,,,,,,,,,,,,,,,,,,,,,,,,,,,,,,,,,,
stage_one,../NewPatch/Assets/Blocks\stage_one\stage_one.json,,,"[""Stages""]",[],False,,,,,,,,,,,,,,,,,,,,,,,,,,,,,,,,,,,,,,,,,,,,,,,,,,,,,,,,,,,,,,,,,,,,,,,,,,,
stage_rainbow,../NewPatch/Assets/Blocks\stage_rainbow\stage_rainbow.json,,,"[""Stages""]",[],False,,,,,,,,,,,,,,,,,,,,,,,,,,,,,,,,,,,,,,,,,,,,,,,,,,,,,,,,,,,,,,,,,,,,,,,,,,,
stage_two,../NewPatch/Assets/Blocks\stage_two\stage_two.json,,,"[""Stages""]",[],False,,,,,,,,,,,,,,,,,,,,,,,,,,,,,,,,,,,,,,,,,,,,,,,,,,,,,,,,,,,,,,,,,,,,,,,,,,,
stage_violin,../NewPatch/Assets/Blocks\stage_violin\stage_violin.json,,,"[""Stages""]",[],False,,,,,,,,,,,,,,,,,,,,,,,,,,,,,,,,,,,,,,,,,,,,,,,,,,,,,,,,,,,,,,,,,,,,,,,,,,,
staircase,../NewPatch/Assets/Blocks\staircase\staircase.json,,,"[""Props""]",[],False,,,,,,,,,,,,,,,,,,,,,,,,,,,,,,,,,,,,,,,,,,,,,,,,,,,,,,,,,,,,,,,,,,,,,,,,,,,
statevariable,../NewPatch/Assets/Blocks\statevariable\statevariable.json,"A state variable filter, with center frequency, resonance and filter type settings.",,"[""Audio/Filters""]","[""lowpass"", ""highpass"", ""onepole"", ""ladder"", ""allpass2""]",True,Signal input,The input signal.,stream input,Center frequency,Center frequency of the filter (in Hz). Must not be less than one.,stream input,Resonance,Resonance of the filter. Must not be less than zero.,stream input,Filter type,"Sets the type of the filter. 0:HP, 1:BP, 2:LP, 3:UBP, 4:Notch, 5:AP, 6:Peak, 7:LS, 8:BS, 9:HS",jolt input,,,,,,,,,,,,,,,,,,,,,,,,,,,,,,,,,,,,,,,,,,,,,,,,,,,,,,,,,,,,,,,
stepped_dial,../NewPatch/Assets/Blocks\stepped_dial\stepped_dial.json,A dial with a configurable number of steps.,Used for switching between two or more discrete options.,"[""Interfaces/Tweak""]",[],True,input,Sets the currently selected step.,jolt input,output,Emits the currently selected step when it changes.,jolt output,Dial,Press trigger and turn to move the dial.,Interactive,,,,,,,,,,,,,,,,,,,,,,,,,,,,,,,,,,,,,,,,,,,,,,,,,,,,,,,,,,,,,,,,,,
stoe,../NewPatch/Assets/Blocks\stoe\stoe.json,Send a jolt value each time the input stream changes. (max 90Hz by default),,"[""Audio/Converters""]",[],True,input,The stream to convert.,stream input,output,Emits the value of the incoming stream as a jolt.,event output,,,,,,,,,,,,,,,,,,,,,,,,,,,,,,,,,,,,,,,,,,,,,,,,,,,,,,,,,,,,,,,,,,,,,
stream_capture,../NewPatch/Assets/Blocks\stream_capture\stream_capture.json,Captures and downsamples streams so they can be used with e.g. the procedural_line block.,,"[""Audio/Converters""]",[],False,Output,The value of the internal buffer at the current read cursor position.,stream output,Signal,The signal you whish to capture.,stream input,Read cursor,Expects a clock going from 0 to 1. The value of the clock determines which part of the internal buffer is read and set to the stream output.,stream input,Window size,Sets how long it should take to capture one buffer in seconds.,knob,Mode,"Sets the capture mode. 0: rolling, 1: scrolling, 2: paged, 3: zero-cross triggered.",jolt input,Freeze,"Send a 1 to disable capture and freeze the buffer, 0 to continue capturing.",jolt input,,,,,,,,,,,,,,,,,,,,,,,,,,,,,,,,,,,,,,,,,,,,,,,,,,,,,,,,,
string,../NewPatch/Assets/Blocks\string\string.json,A string (like a guitar string) you can strike with your controller or hit with marbles to make sound.,A simulation or e.g. a guitar string with a natural sound. Can interact with other kinetic object such as your controller or marbles. Changes its sound subtly depending on where you hit it.,"[""Audio/Physical""]",[],True,Sustain,Controls for how long the string will ring out when struck (in seconds).,knob,Sustain,Send a jolt to set the sustain of the string (in seconds).,jolt input,String,Strike or hit with a marble to make sound,interactive,Length,Use the trigger button and push/pull to change the length/pitch of the string.,interactive,Pitch,Send a MIDI note (e.g. from a keyboard) to set the pitch of the string.,jolt input,Output,Sends out the sound of the string. Will mute the string when plugged in.,stream output,,,,,,,,,,,,,,,,,,,,,,,,,,,,,,,,,,,,,,,,,,,,,,,,,,,,,,,,,
string_with_output,../NewPatch/Assets/Blocks\string_with_output\string_with_output.json,A physcal model of a string that can interact with marbles and your controller. Has a stream output to connect it to the rest of your patch.,,[],[],True,sustain,Control how long the string will ring out after it's been excited.,knob,brightness,Controls how bright the string sound is,knob,string,The string you can hit with ,interactive,inharmonicity,"Pull to change the radius of the string, making the sound more bell-like.",interactive,length_pitch,Pull/push to change the length of the string and thereby its pitch.,interactive,,,,,,,,,,,,,,,,,,,,,,,,,,,,,,,,,,,,,,,,,,,,,,,,,,,,,,,,,,,,
subtract,../NewPatch/Assets/Blocks\subtract\subtract.json,"Subtract one number from another and outputs the result using a simple A - B math operation, can be used to calculate difference between two signals.",,"[""Audio/Operators""]","[""add"", ""multiply"", ""divide"", ""subtract_jolt""]",True,A,Value from wich the B will be subtracted,stream input,B,Value to be subtracted from A,stream input,,,,,,,,,,,,,,,,,,,,,,,,,,,,,,,,,,,,,,,,,,,,,,,,,,,,,,,,,,,,,,,,,,,,,
subtract_jolt,../NewPatch/Assets/Blocks\subtract_jolt\subtract_jolt.json,Subtracts stream number from jolt input and outputs the result as jolt.,,"[""Logic/Operators""]","[""add_jolt"", ""multiply_jolt"", ""divide_jolt"", ""subtract""]",True,Subtract,Sets the value to be subtracted from the jolt input value (without triggering the output).,stream input,Calculate,"Receives value from which the stream value will be subtracted, triggers the calculation.",jolt input,Result,Emits results of subtracting stream value from jolt value on each received jolt.,jolt output,toggle,Toggle,,,,,,,,,,,,,,,,,,,,,,,,,,,,,,,,,,,,,,,,,,,,,,,,,,,,,,,,,,,,,,,,
sunlight,../NewPatch/Assets/Blocks\sunlight\sunlight.json,Let you change color and sun orientation.,,"[""Visuals/Lights""]",[],True,s_IN_r," Red amount",,s_IN_g," Green amount",,s_IN_b," Blue amount",,s_IN_f, Global intensity,,hue,,,saturation,,,value,,,Grab sphere VR,,,,,,,,,,,,,,,,,,,,,,,,,,,,,,,,,,,,,,,,,,,,,,,,,,,,,
s_lbl,../NewPatch/Assets/Blocks\s_lbl\s_lbl.json,,,[],[],False,,,,,,,,,,,,,,,,,,,,,,,,,,,,,,,,,,,,,,,,,,,,,,,,,,,,,,,,,,,,,,,,,,,,,,,,,,,
s_reader,../NewPatch/Assets/Blocks\s_reader\s_reader.json,"When 'IN gets an event, 'OUT fires the value of ~IN",,"[""Experimental""]",[],True,e_OUT," 'OUT",,s_IN," ~IN",,e_IN_HOT, 'IN,,e_IN_Hot,,,,,,,,,,,,,,,,,,,,,,,,,,,,,,,,,,,,,,,,,,,,,,,,,,,,,,,,,,,,,,,,,
tanh,../NewPatch/Assets/Blocks\tanh\tanh.json,Hyperbolic tangent of the stream input. Can be used to create for example soft clipping at 1 and -1.,,"[""Audio/Converters""]","[""wavefolder""]",True,s_IN_0, a,,Input,Value for which the hyperbolic tangent will be calculated.,stream input,,,,,,,,,,,,,,,,,,,,,,,,,,,,,,,,,,,,,,,,,,,,,,,,,,,,,,,,,,,,,,,,,,,,,
terrain_impact,../NewPatch/Assets/Blocks\terrain_impact\terrain_impact.json,,,"[""Terrains""]",[],False,,,,,,,,,,,,,,,,,,,,,,,,,,,,,,,,,,,,,,,,,,,,,,,,,,,,,,,,,,,,,,,,,,,,,,,,,,,
terrain_lines,../NewPatch/Assets/Blocks\terrain_lines\terrain_lines.json,,,"[""Terrains""]",[],False,,,,,,,,,,,,,,,,,,,,,,,,,,,,,,,,,,,,,,,,,,,,,,,,,,,,,,,,,,,,,,,,,,,,,,,,,,,
terrain_mosaic,../NewPatch/Assets/Blocks\terrain_mosaic\terrain_mosaic.json,,,"[""Terrains""]",[],False,,,,,,,,,,,,,,,,,,,,,,,,,,,,,,,,,,,,,,,,,,,,,,,,,,,,,,,,,,,,,,,,,,,,,,,,,,,
terrain_open_waters,../NewPatch/Assets/Blocks\terrain_open_waters\terrain_open_waters.json,,,"[""Terrains""]",[],False,,,,,,,,,,,,,,,,,,,,,,,,,,,,,,,,,,,,,,,,,,,,,,,,,,,,,,,,,,,,,,,,,,,,,,,,,,,
terrain_ripple,../NewPatch/Assets/Blocks\terrain_ripple\terrain_ripple.json,,,"[""Terrains""]",[],False,,,,,,,,,,,,,,,,,,,,,,,,,,,,,,,,,,,,,,,,,,,,,,,,,,,,,,,,,,,,,,,,,,,,,,,,,,,
terrain_space,../NewPatch/Assets/Blocks\terrain_space\terrain_space.json,,,"[""Terrains""]",[],False,,,,,,,,,,,,,,,,,,,,,,,,,,,,,,,,,,,,,,,,,,,,,,,,,,,,,,,,,,,,,,,,,,,,,,,,,,,
testing2,../NewPatch/Assets/Blocks\testing2\testing2.json,,,[],[],False,,,,,,,,,,,,,,,,,,,,,,,,,,,,,,,,,,,,,,,,,,,,,,,,,,,,,,,,,,,,,,,,,,,,,,,,,,,
thruster,../NewPatch/Assets/Blocks\thruster\thruster.json,Will propel the device it's attached to. Activated using a jolt input.,,"[""Motion/Physics""]",[],False,Thrust power,Thrust power in newtown. Can be used as an impulse if set via the inspector.,,,,,,,,,,,,,,,,,,,,,,,,,,,,,,,,,,,,,,,,,,,,,,,,,,,,,,,,,,,,,,,,,,,,,,,,,
timecontrol,../NewPatch/Assets/Blocks\timecontrol\timecontrol.json,Pause / Resume / speed up tempo affecting phasors.,,"[""Experimental""]",[],True,Grab sphere VR,,,Back_Button_,,,Pause_Button_,,,Skip_Button_Left,,,Skip_Button_Right,,,Forward_Button_ End,,,tempo_knob,,,,,,,,,,,,,,,,,,,,,,,,,,,,,,,,,,,,,,,,,,,,,,,,,,,,,,,,
toggle,../NewPatch/Assets/Blocks\toggle\toggle.json,"Set and send state as on or off, with indicator.",,"[""Experimental""]",[],True,TOGGLE_state_indicator,,,EventReciver,,,,,,,,,,,,,,,,,,,,,,,,,,,,,,,,,,,,,,,,,,,,,,,,,,,,,,,,,,,,,,,,,,,,,,,
toggleboard,../NewPatch/Assets/Blocks\toggleboard\toggleboard.json,"Editable, resizable array of toggles.",,"[""Logic/Sequencing""]",[],True,s_IN_rows_0,Stream input - number of rows,,s_IN_columns_1,Stream input - number of columns,,resize,Resize,,OUT,Out,,WRITE,Write,,btn_dbug,,,toggleboard_piece(Clone),,,,,,,,,,,,,,,,,,,,,,,,,,,,,,,,,,,,,,,,,,,,,,,,,,,,,,,,
toggleboardcmd,../NewPatch/Assets/Blocks\toggleboardcmd\toggleboardcmd.json,Editable array of toggle buttons.,,[],[],True,,,,,,,,,,,,,,,,,,,,,,,,,,,,,,,,,,,,,,,,,,,,,,,,,,,,,,,,,,,,,,,,,,,,,,,,,,,
toggle_jolt,../NewPatch/Assets/Blocks\toggle_jolt\toggle_jolt.json,A switch that can be toggled on and off.,,"[""Interfaces/Tap""]",[],False,Output,Emits a jolt when toggled or an event is received. Sends a value of 1 is the toggle is on and 0 if it's off.,jolt output,Toggle,Send a jolt of any value to switch the toggle from on to off and vice versa.,jolt input,Set state,Send a jolt with value 1 to turn the toggle on and 0 to turn it off.,jolt input,Toggle switch,Press the trigger button on your controller to toggle the on/off state.,interactive,,,,,,,,,,,,,,,,,,,,,,,,,,,,,,,,,,,,,,,,,,,,,,,,,,,,,,,,,,,,,,,
touchscreen,../NewPatch/Assets/Blocks\TouchScreen\TouchScreen.json,,,"[""Interfaces/Special""]",[],False,Quad,,,ResizeDrag,,,ChangeCount,,,knob,,,,,,,,,,,,,,,,,,,,,,,,,,,,,,,,,,,,,,,,,,,,,,,,,,,,,,,,,,,,,,,,,
to_db,../NewPatch/Assets/Blocks\to_db\to_db.json,Converts from amplitude to dB,,"[""Audio/Converters""]","[""from_db""]",True,s_IN_0, a,,Input,Amplitude value which will be converted to dB.,stream input,,,,,,,,,,,,,,,,,,,,,,,,,,,,,,,,,,,,,,,,,,,,,,,,,,,,,,,,,,,,,,,,,,,,,
trail_pencil,../NewPatch/Assets/Blocks\trail_pencil\trail_pencil.json,,,"[""Visuals/Design""]",[],True,Width,,,Trail Life Time,,,Hue,,,Saturation,,,Brightness,,,,,,,,,,,,,,,,,,,,,,,,,,,,,,,,,,,,,,,,,,,,,,,,,,,,,,,,,,,,,,
transport_control,../NewPatch/Assets/Blocks\transport_control\transport_control.json,,,"[""Experimental""]",[],False,PlayButton,,,StopButton,,,RecordButton,,,GoToBeginningButton,,,SkipBackwardsButton,,,SkipForwardsButton,,,GoToEndButton,,,,,,,,,,,,,,,,,,,,,,,,,,,,,,,,,,,,,,,,,,,,,,,,,,,,,,,,
triangles_01,../NewPatch/Assets/Blocks\triangles_01\triangles_01.json,,,"[""Props""]",[],False,,,,,,,,,,,,,,,,,,,,,,,,,,,,,,,,,,,,,,,,,,,,,,,,,,,,,,,,,,,,,,,,,,,,,,,,,,,
triangles_02,../NewPatch/Assets/Blocks\triangles_02\triangles_02.json,,,"[""Props""]",[],False,,,,,,,,,,,,,,,,,,,,,,,,,,,,,,,,,,,,,,,,,,,,,,,,,,,,,,,,,,,,,,,,,,,,,,,,,,,
trigger_box,../NewPatch/Assets/Blocks\trigger_box\trigger_box.json,A resizable trigger box which can detect if a player is inside. Can also be used to attached player to a vehicle's cockpit/seat.,,"[""Interfaces/Special""]",[],True,Player inside,Emits the number of players inside the box.,jolt output,Resize handle,Grab and move to resize the trigger area.,interactive,,,,,,,,,,,,,,,,,,,,,,,,,,,,,,,,,,,,,,,,,,,,,,,,,,,,,,,,,,,,,,,,,,,,,
Tutorial,../NewPatch/Assets/Blocks\Tutorial\Tutorial.json,,,[],[],False,Cube,,,previous,,,next,,,,,,,,,,,,,,,,,,,,,,,,,,,,,,,,,,,,,,,,,,,,,,,,,,,,,,,,,,,,,,,,,,,,
Tutorial_Duck,../NewPatch/Assets/Blocks\Tutorial_Duck\Tutorial_Duck.json,,,[],[],False,Cube,,,previous,,,next,,,,,,,,,,,,,,,,,,,,,,,,,,,,,,,,,,,,,,,,,,,,,,,,,,,,,,,,,,,,,,,,,,,,
Tutorial_EP1_07,../NewPatch/Assets/Blocks\Tutorial_EP1_07\Tutorial_EP1_07.json,,,[],[],False,Cube,,,previous,,,next,,,,,,,,,,,,,,,,,,,,,,,,,,,,,,,,,,,,,,,,,,,,,,,,,,,,,,,,,,,,,,,,,,,,
Tutorial_EP1_09,../NewPatch/Assets/Blocks\Tutorial_EP1_09\Tutorial_EP1_09.json,,,[],[],False,Cube,,,previous,,,next,,,,,,,,,,,,,,,,,,,,,,,,,,,,,,,,,,,,,,,,,,,,,,,,,,,,,,,,,,,,,,,,,,,,
Tutorial_EP1_10,../NewPatch/Assets/Blocks\Tutorial_EP1_10\Tutorial_EP1_10.json,,,[],[],False,Cube,,,previous,,,next,,,,,,,,,,,,,,,,,,,,,,,,,,,,,,,,,,,,,,,,,,,,,,,,,,,,,,,,,,,,,,,,,,,,
Tutorial_EP1_11,../NewPatch/Assets/Blocks\Tutorial_EP1_11\Tutorial_EP1_11.json,,,[],[],False,Cube,,,previous,,,next,,,,,,,,,,,,,,,,,,,,,,,,,,,,,,,,,,,,,,,,,,,,,,,,,,,,,,,,,,,,,,,,,,,,
tutorial_image,../NewPatch/Assets/Blocks\tutorial_image\tutorial_image.json,,,[],[],False,MuX_ImgCorner_Msh,,,GameObject,,,,,,,,,,,,,,,,,,,,,,,,,,,,,,,,,,,,,,,,,,,,,,,,,,,,,,,,,,,,,,,,,,,,,,,
Tutorial_Saber,../NewPatch/Assets/Blocks\Tutorial_Saber\Tutorial_Saber.json,,,[],[],False,Cube,,,previous,,,next,,,,,,,,,,,,,,,,,,,,,,,,,,,,,,,,,,,,,,,,,,,,,,,,,,,,,,,,,,,,,,,,,,,,
Tutorial_Start,../NewPatch/Assets/Blocks\Tutorial_Start\Tutorial_Start.json,,,[],[],False,Cube,,,previous,,,next,,,,,,,,,,,,,,,,,,,,,,,,,,,,,,,,,,,,,,,,,,,,,,,,,,,,,,,,,,,,,,,,,,,,
txt,../NewPatch/Assets/Blocks\txt\txt.json,Let you place floating text.,,"[""Visuals/Design""]",[],True,Text input,Click to edit.,,,,,,,,,,,,,,,,,,,,,,,,,,,,,,,,,,,,,,,,,,,,,,,,,,,,,,,,,,,,,,,,,,,,,,,,,
uknob,../NewPatch/Assets/Blocks\uknob\uknob.json,"a unit knob t

u unit:  0  to 1 ",,"[""Experimental""]",[],True,knobBody,,,,,,,,,,,,,,,,,,,,,,,,,,,,,,,,,,,,,,,,,,,,,,,,,,,,,,,,,,,,,,,,,,,,,,,,,,
users_online,../NewPatch/Assets/Blocks\users_online\users_online.json,Displays online users. Let you invite them to your multiplayer session.,,"[""Player""]",[],False,,,,,,,,,,,,,,,,,,,,,,,,,,,,,,,,,,,,,,,,,,,,,,,,,,,,,,,,,,,,,,,,,,,,,,,,,,,
uton,../NewPatch/Assets/Blocks\uton\uton.json,"Converts a unit to normal

u unit:       0  to 1 
n: normal -1 to 1
r: range : any range",,"[""Deprecated""]",[],True,s_IN,,,,,,,,,,,,,,,,,,,,,,,,,,,,,,,,,,,,,,,,,,,,,,,,,,,,,,,,,,,,,,,,,,,,,,,,,,
utor,../NewPatch/Assets/Blocks\utor\utor.json,"Converts a unit range to any set {A to B} range. Example: use a slider that goes from 0 to 1, connect it to the top part of the utor and then use the other two inptus to set output range.


u (unit): 0 to 1 
n (normal): -1 to 1
r (range): any range",,"[""Deprecated""]","[""rtou"", ""map"", ""clamp""]",True,Top:," get a signal to drive the conversion ",,left:, top,,Input,Value to be mapped.,stream input,A,Output range lower value.,stream input,B,Output range upper value.,stream input,,,,,,,,,,,,,,,,,,,,,,,,,,,,,,,,,,,,,,,,,,,,,,,,,,,,,,,,,,,,
value,../NewPatch/Assets/Blocks\value\value.json,"A button that emits a number value. Hit the sphere, or send a Jolt to the input to emit a value. Set the value that will be emitted by adjusting the number with the trigger button.",,"[""Interfaces/Tap""]","[""button"", ""get"", ""slider"", ""knob""]",True,,,,Trigger,Triggers the output to emit the set number value.,jolt input,Output,Emits the set value when triggered.,jolt output,Value,Sets the value that will be emitted (without triggering the output).,interactive,,,,,,,,,,,,,,,,,,,,,,,,,,,,,,,,,,,,,,,,,,,,,,,,,,,,,,,,,,,,,,,
vel,../NewPatch/Assets/Blocks\vel\vel.json,Outputs the difference (delta) between the current and the previous sample value.,,"[""Logic/Timing""]",[],True,Signal input,Signal to be analyzed.,stream input,Grab sphere VR,,,,,,,,,,,,,,,,,,,,,,,,,,,,,,,,,,,,,,,,,,,,,,,,,,,,,,,,,,,,,,,,,,,,,,,
venue_brain,../NewPatch/Assets/Blocks\venue_brain\venue_brain.json,"Background for the environment 

write in the console:

spawn venue_brain",,"[""Unclassified""]",[],True,VR Grab Handle,,,,,,,,,,,,,,,,,,,,,,,,,,,,,,,,,,,,,,,,,,,,,,,,,,,,,,,,,,,,,,,,,,,,,,,,,,
venue_dream_sky,../NewPatch/Assets/Blocks\venue_dream_sky\venue_dream_sky.json,,,"[""Sky""]",[],False,,,,,,,,,,,,,,,,,,,,,,,,,,,,,,,,,,,,,,,,,,,,,,,,,,,,,,,,,,,,,,,,,,,,,,,,,,,
venue_hole,../NewPatch/Assets/Blocks\venue_hole\venue_hole.json,,,"[""Sky""]",[],False,,,,,,,,,,,,,,,,,,,,,,,,,,,,,,,,,,,,,,,,,,,,,,,,,,,,,,,,,,,,,,,,,,,,,,,,,,,
venue_lightsaber,../NewPatch/Assets/Blocks\venue_lightsaber\venue_lightsaber.json,"Background for the environment 

write in the console:

spawn venue_lightsaber",,"[""Sky""]",[],True,VR Grab Handle,,,,,,,,,,,,,,,,,,,,,,,,,,,,,,,,,,,,,,,,,,,,,,,,,,,,,,,,,,,,,,,,,,,,,,,,,,
venue_mountains,../NewPatch/Assets/Blocks\venue_mountains\venue_mountains.json,"Background for the environment 

write in the console:

spawn bg_mountains",,"[""Sky""]",[],True,VR Grab Handle,,,,,,,,,,,,,,,,,,,,,,,,,,,,,,,,,,,,,,,,,,,,,,,,,,,,,,,,,,,,,,,,,,,,,,,,,,
venue_nebula,../NewPatch/Assets/Blocks\venue_nebula\venue_nebula.json,,,"[""Sky""]",[],False,,,,,,,,,,,,,,,,,,,,,,,,,,,,,,,,,,,,,,,,,,,,,,,,,,,,,,,,,,,,,,,,,,,,,,,,,,,
venue_ozelot,../NewPatch/Assets/Blocks\venue_ozelot\venue_ozelot.json,"Background for the environment 

write in the console:

spawn venue_ozelot",,"[""Sky""]",[],True,VR Grab Handle,,,,,,,,,,,,,,,,,,,,,,,,,,,,,,,,,,,,,,,,,,,,,,,,,,,,,,,,,,,,,,,,,,,,,,,,,,
venue_sky_april,../NewPatch/Assets/Blocks\Venue_Sky_April\Venue_Sky_April.json,,,"[""Sky""]",[],False,,,,,,,,,,,,,,,,,,,,,,,,,,,,,,,,,,,,,,,,,,,,,,,,,,,,,,,,,,,,,,,,,,,,,,,,,,,
venue_sky_bubble,../NewPatch/Assets/Blocks\venue_sky_bubble\venue_sky_bubble.json,,,"[""Sky""]",[],False,,,,,,,,,,,,,,,,,,,,,,,,,,,,,,,,,,,,,,,,,,,,,,,,,,,,,,,,,,,,,,,,,,,,,,,,,,,
venue_sky_bw,../NewPatch/Assets/Blocks\Venue_Sky_BW\Venue_Sky_BW.json,,,"[""Sky""]",[],False,,,,,,,,,,,,,,,,,,,,,,,,,,,,,,,,,,,,,,,,,,,,,,,,,,,,,,,,,,,,,,,,,,,,,,,,,,,
venue_sky_festival,../NewPatch/Assets/Blocks\venue_Sky_Festival\venue_Sky_Festival.json,,,"[""Sky""]",[],False,,,,,,,,,,,,,,,,,,,,,,,,,,,,,,,,,,,,,,,,,,,,,,,,,,,,,,,,,,,,,,,,,,,,,,,,,,,
venue_sky_goo,../NewPatch/Assets/Blocks\venue_sky_goo\venue_sky_goo.json,,,"[""Sky""]",[],False,,,,,,,,,,,,,,,,,,,,,,,,,,,,,,,,,,,,,,,,,,,,,,,,,,,,,,,,,,,,,,,,,,,,,,,,,,,
venue_sky_horseshoe,../NewPatch/Assets/Blocks\venue_Sky_Horseshoe\venue_Sky_Horseshoe.json,,,"[""Sky""]",[],False,,,,,,,,,,,,,,,,,,,,,,,,,,,,,,,,,,,,,,,,,,,,,,,,,,,,,,,,,,,,,,,,,,,,,,,,,,,
venue_sky_ice_crystals,../NewPatch/Assets/Blocks\venue_sky_ice_crystals\venue_sky_ice_crystals.json,,,"[""Sky""]",[],False,,,,,,,,,,,,,,,,,,,,,,,,,,,,,,,,,,,,,,,,,,,,,,,,,,,,,,,,,,,,,,,,,,,,,,,,,,,
venue_sky_queen,../NewPatch/Assets/Blocks\Venue_Sky_Queen\Venue_Sky_Queen.json,,,[],[],False,,,,,,,,,,,,,,,,,,,,,,,,,,,,,,,,,,,,,,,,,,,,,,,,,,,,,,,,,,,,,,,,,,,,,,,,,,,
venue_sky_space,../NewPatch/Assets/Blocks\venue_sky_space\venue_sky_space.json,,,"[""Sky""]",[],False,,,,,,,,,,,,,,,,,,,,,,,,,,,,,,,,,,,,,,,,,,,,,,,,,,,,,,,,,,,,,,,,,,,,,,,,,,,
venue_sky_stars,../NewPatch/Assets/Blocks\Venue_Sky_Stars\Venue_Sky_Stars.json,,,"[""Sky""]",[],False,,,,,,,,,,,,,,,,,,,,,,,,,,,,,,,,,,,,,,,,,,,,,,,,,,,,,,,,,,,,,,,,,,,,,,,,,,,
venue_spacestation,../NewPatch/Assets/Blocks\venue_spacestation\venue_spacestation.json,"Background for the environment 

write in the console:

spawn bg_spacestation",,"[""Sky""]",[],True,VR Grab Handle,,,,,,,,,,,,,,,,,,,,,,,,,,,,,,,,,,,,,,,,,,,,,,,,,,,,,,,,,,,,,,,,,,,,,,,,,,
venue_underwater,../NewPatch/Assets/Blocks\venue_underwater\venue_underwater.json,"Background for the environment 

write in the console:

spawn venue_underwater",,"[""Sky""]",[],True,VR Grab Handle,,,,,,,,,,,,,,,,,,,,,,,,,,,,,,,,,,,,,,,,,,,,,,,,,,,,,,,,,,,,,,,,,,,,,,,,,,
venue_vision_sky,../NewPatch/Assets/Blocks\venue_vision_sky\venue_vision_sky.json,,,"[""Sky""]",[],False,,,,,,,,,,,,,,,,,,,,,,,,,,,,,,,,,,,,,,,,,,,,,,,,,,,,,,,,,,,,,,,,,,,,,,,,,,,
venue_wireframe,../NewPatch/Assets/Blocks\venue_wireframe\venue_wireframe.json,,,"[""Terrains""]",[],True,VR Grab Handle,,,,,,,,,,,,,,,,,,,,,,,,,,,,,,,,,,,,,,,,,,,,,,,,,,,,,,,,,,,,,,,,,,,,,,,,,,
vfx,../NewPatch/Assets/Blocks\vfx\vfx.json,"Set of different FX like plasma, flare, beam. You can change it with the inspector.",,"[""Visuals/Lights""]",[],False,vfx,,,,,,,,,,,,,,,,,,,,,,,,,,,,,,,,,,,,,,,,,,,,,,,,,,,,,,,,,,,,,,,,,,,,,,,,,,
videoclip,../NewPatch/Assets/Blocks\videoclip\videoclip.json,Play a video.,,"[""Visuals/Media""]",[],False,Resize handle,,,Grab,,,Grab,,,Rewind,Returns to the start of the video.,,Pause,Freezes the video.,,Seek,Seek a specific moment of the video.,,Seek time,Go to a specific time code in the video.,,Speed,Change the playback speed of the video.,,,,,,,,,,,,,,,,,,,,,,,,,,,,,,,,,,,,,,,,,,,,,,,,,,,,
violin,../NewPatch/Assets/Blocks\violin\violin.json,Violin physical model generator ,,"[""Experimental""]",[],True,s_IN_0,,,s_IN_1,,,s_IN_2,,,s_IN_3,,,,,,,,,,,,,,,,,,,,,,,,,,,,,,,,,,,,,,,,,,,,,,,,,,,,,,,,,,,,,,,,,
vooper,../NewPatch/Assets/Blocks\vooper\vooper.json,,,"[""Interfaces/Special""]",[],False,Button,,,InteractiveDrag,,,PULL_fader,,,emit_vel,,,emit_size,,,RecPlay Selector,,,Hit_Elevation,,,Hit_Azimuth,,,emit_BaseBlackPartDistance,,,emit_Pressure,,,emit_Hover,,,emit_CrossFade,,,emit_SmallDotPartsDistance,,,esReciver,,,Eject Bubble,,,emit_slider,,,Bubble placed,Emits a jolt with value 1 when a bubble is placed and value 0 when removed.,jolt output,,,,,,,,,,,,,,,,,,,,,,,,
vr_window,../NewPatch/Assets/Blocks\vr_window\vr_window.json,Resizable plane which reveals the game view when Passthrough or Mixed reality block is active.,,"[""Props""]",[],False,plane,,,MuX_ImgCorner_Msh,,,,,,,,,,,,,,,,,,,,,,,,,,,,,,,,,,,,,,,,,,,,,,,,,,,,,,,,,,,,,,,,,,,,,,,
wall,../NewPatch/Assets/Blocks\wall\wall.json,A wall to bounce collision objects like marbles,,"[""Deprecated""]",[],True,Grab,,,extensionHandle,,,,,,,,,,,,,,,,,,,,,,,,,,,,,,,,,,,,,,,,,,,,,,,,,,,,,,,,,,,,,,,,,,,,,,,
wall_01,../NewPatch/Assets/Blocks\wall_01\wall_01.json,,,"[""Props""]",[],False,,,,,,,,,,,,,,,,,,,,,,,,,,,,,,,,,,,,,,,,,,,,,,,,,,,,,,,,,,,,,,,,,,,,,,,,,,,
watcher,../NewPatch/Assets/Blocks\watcher\watcher.json,"Compares two stream values. Every time the condition is met, signal output will send the value of 1.",,"[""Logic/Conditional""]","[""compare""]",True,Signal input,Stream input value to compare with value from second inlet.,stream input,Compare with,Sets the value that will be compared with the incoming value from the signal input.,stream input,Output,Sends jolt value every time the condition begins to be true,jolt output,SetTypeReciever,,,Comparison operation,Sets the type of the comparison operation.,interactive,,,,,,,,,,,,,,,,,,,,,,,,,,,,,,,,,,,,,,,,,,,,,,,,,,,,,,,,,,,,
wavefolder,../NewPatch/Assets/Blocks\wavefolder\wavefolder.json,A wave shaper that looks for values out of the [-1 and 1] range and mirrors the excess back into the [-1 and 1] range.,,"[""Audio/Effects""]",[],True,Signal input,Signal to be folded.,stream input,body,,,,,,,,,,,,,,,,,,,,,,,,,,,,,,,,,,,,,,,,,,,,,,,,,,,,,,,,,,,,,,,,,,,,,,,
wing,../NewPatch/Assets/Blocks\wing\wing.json,"Gives basic aerodynamics to your physical group. The more the wing is tilted compared to the direction your vehicle is going, the more the lift and drag force.",,"[""Motion/Physics""]",[],False,Lift,Lift/Drag multiplier,,,,,,,,,,,,,,,,,,,,,,,,,,,,,,,,,,,,,,,,,,,,,,,,,,,,,,,,,,,,,,,,,,,,,,,,,
wireframe_floor,../NewPatch/Assets/Blocks\wireframe_floor\wireframe_floor.json,,,"[""Stages""]",[],False,EdgeForce,,,EdgeForce2,,,MidForce,,,MidForce2,,,ColorEvent H,,,ColorEvent S,,,ColorEvent V,,,,,,,,,,,,,,,,,,,,,,,,,,,,,,,,,,,,,,,,,,,,,,,,,,,,,,,,
wireless_in,../NewPatch/Assets/Blocks\wireless_in\wireless_in.json,Sends stream from one place in your patch to the corresponding 'wireless_out' blocks. Each 'wireless_in' and 'wireless_out' set of blocks within one connection need to have the same name. Each wireless connection needs to have a unique name.,,"[""Logic/Connectors""]","[""wireless_out""]",True,Connection name,Name of the connection - the same as the name of corresponding 'wireless_out' block.,text,Input,Stream to be sent.,stream input,,,,,,,,,,,,,,,,,,,,,,,,,,,,,,,,,,,,,,,,,,,,,,,,,,,,,,,,,,,,,,,,,,,,,
wireless_in_jolt,../NewPatch/Assets/Blocks\wireless_in_jolt\wireless_in_jolt.json,Receives stream sent from the corresponding 'wireless_out_jolt' blocks. Each 'wireless_in_jolt' and 'wireless_out_jolt' set of blocks within one connection need to have the same name. Each wireless connection needs to have a unique name.,,"[""Logic/Connectors""]",[],True,Connection name,Name of the connection - the same as the name of the corresponding 'wireless_out_jolt' block.,text,Output,Emits received jolt.,jolt output,,,,,,,,,,,,,,,,,,,,,,,,,,,,,,,,,,,,,,,,,,,,,,,,,,,,,,,,,,,,,,,,,,,,,
wireless_out,../NewPatch/Assets/Blocks\wireless_out\wireless_out.json,Receives stream sent from the corresponding 'wireless_in' blocks. Each 'wireless_in' and 'wireless_out' set of blocks within one connection need to have the same name. Each wireless connection needs to have a unique name.,,"[""Logic/Connectors""]","[""wireless_in""]",True,Connection name,Name of the connection - the same as the name of the corresponding 'wireless_in' block.,text,,,,,,,,,,,,,,,,,,,,,,,,,,,,,,,,,,,,,,,,,,,,,,,,,,,,,,,,,,,,,,,,,,,,,,,,
wireless_out_jolt,../NewPatch/Assets/Blocks\wireless_out_jolt\wireless_out_jolt.json,Sends jolt from one place in your patch to the corresponding 'wireless_in_jolt' blocks. Each 'wireless_in_jolt' and 'wireless_out_jolt' set of blocks within one connection need to have the same name. Each wireless connection needs to have a unique name.,,"[""Logic/Connectors""]",[],True,Input,Jolt to be sent.,jolt input,Connection name,Name of the connection - the same as the name of corresponding 'wireless_in_jolt' block.,text,,,,,,,,,,,,,,,,,,,,,,,,,,,,,,,,,,,,,,,,,,,,,,,,,,,,,,,,,,,,,,,,,,,,,
